,id,uuid,date,morning_comment,energy,wake_hour,success,be_better,day_rating,sleep_time,created_at,updated_at
184,185,f71a0afc-ad5d-49c4-8031-83344b71243c,2023-01-02,ZzZzZ,10.0,12:00:00,chill day,il bellanca mi d√† spesso bidoni,8.0,06:00:00,2024-03-22 15:47:21.205000+01:00,2024-07-22 22:58:22.226000+00:00
185,186,2a974b23-e6a2-414f-8199-1f3ad35113eb,2023-01-03,Fuck si inizia a lavorare üò¨,5.0,11:20:00,Worked alone,Non andare a letto cos√¨ tardi,8.0,04:40:00,2024-03-22 15:47:21.228000+01:00,2024-07-22 22:58:22.254000+00:00
415,416,f98200aa-4a30-45b7-b458-baa9ef48f94a,2023-01-04,mamma mia che pazienza che ci vuole,7.0,10:30:00,I'm working despite being alone at doing so,I systematically smoke my brain out,8.0,03:30:00,2024-03-22 15:46:09.749000+01:00,2024-07-22 22:58:28.598000+00:00
186,187,78f8741e-da01-48f4-b066-89a17a1ab429,2023-01-05,"so fucking sbriciolated, why?",4.0,11:10:00,muh,meh,6.0,03:00:00,2024-03-22 15:47:21.255000+01:00,2024-07-22 22:58:22.293000+00:00
56,57,5477f8d9-872b-44df-805a-58ee396eec30,2023-01-06,"uffaaa, vabb√® √® venerd√¨",7.0,11:00:00,Valheim,Better on the job,7.0,05:00:00,2024-03-22 15:46:09.823000+01:00,2024-07-22 22:58:19.833000+00:00
187,188,e1960f08-dd51-4879-a271-0d656ccf7fae,2023-01-07,Muratori,5.0,09:00:00,portato mamma da bansky,nanna prima :(,6.0,05:00:00,2024-03-22 15:47:21.280000+01:00,2024-07-22 22:58:22.341000+00:00
0,1,1471f525-7e9a-4bab-8422-0104e514a7a9,2023-01-08,Ouf,9.0,14:50:00,Steam Python,Vado a letto alle 6 tutti i giorni,5.0,05:20:00,2024-03-22 15:46:09.845000+01:00,2024-07-22 22:58:18.720000+00:00
188,189,888dd570-d9f9-4660-8ca0-43f9410f5977,2023-01-09,I feel like i've being punched,6.0,11:30:00,"Work work, nanna presto",consume less,8.0,03:00:00,2024-03-22 15:47:21.310000+01:00,2024-07-22 22:58:22.375000+00:00
1,2,e0a5b3dc-84a9-423f-bc95-58d48ec7c3bc,2023-01-10,marzo's back,8.0,10:30:00,.ExE,Nanna prima?,7.0,03:30:00,2024-03-22 15:46:09.869000+01:00,2024-07-22 22:58:18.759000+00:00
189,190,f7749131-c794-4fe5-b494-e0c261ed3daa,2023-01-11,üò¨,7.0,11:45:00,Boh sto reggendo duro,Sul lavoro sto venendo bonkato molto spesso,8.0,03:30:00,2024-03-22 15:47:21.335000+01:00,2024-07-22 22:58:22.408000+00:00
2,3,a9e13540-09a6-429e-97fc-38d69f605f46,2023-01-12,Cazzo non stava pi√π suonando alcuna sveglia,8.0,11:45:00,API calls with clearbit,"mood, decidere che fare della mia vita",7.0,02:00:00,2024-03-22 15:46:09.891000+01:00,2024-07-22 22:58:18.784000+00:00
190,191,0924ad62-45a2-4d0c-a1b3-03139d436134,2023-01-13,<3,9.0,11:00:00,compleanno sara,non bere e fumare come uno smargiasso,8.0,02:30:00,2024-03-22 15:47:21.360000+01:00,2024-07-22 22:58:22.440000+00:00
3,4,35012fcb-70d2-4929-86e2-06812ac5040b,2023-01-14,,9.0,11:00:00,Super cena incredibile,cook some food every once in a while,9.0,04:00:00,2024-03-22 15:46:09.910000+01:00,2024-07-22 22:58:18.806000+00:00
191,192,d3976fdd-73b6-4188-a0b0-1e2a6fb53049,2023-01-15,che fatica alzarsi e fare qualcosa,7.0,13:00:00,Fine settimana rilassante,Iniziare a svolgere i task,8.0,01:00:00,2024-03-22 15:47:21.382000+01:00,2024-07-22 22:58:22.478000+00:00
4,5,32c73eec-80d4-4837-995a-2ea40a9a8605,2023-01-16,Dormito tantissimo,10.0,11:00:00,so much work,too much multitasking on work,8.0,03:20:00,2024-03-22 15:46:09.933000+01:00,2024-07-22 22:58:18.824000+00:00
192,193,885967d9-000b-4b9e-a885-a64f2386a576,2023-01-17,povera micia sta sempre male,10.0,10:00:00,iniziato i corsi di data viz,andare a letto prima anche se sono da solo,7.0,04:20:00,2024-03-22 15:47:21.404000+01:00,2024-07-22 22:58:22.510000+00:00
5,6,aae3f943-5299-417f-89e8-fdcfe88e239a,2023-01-18,"""big fuck up""",8.0,11:30:00,FuzzyWuzzy,Non farsi bonkare mai pi\,5.0,02:00:00,2024-03-22 15:46:09.954000+01:00,2024-07-22 22:58:18.842000+00:00
193,194,2895199d-9484-49ac-8c38-fb799a2fcde3,2023-01-19,Che sonno dormirei 7 anni,8.0,10:00:00,nanna presto,son sempre aggrappato alle canne,7.0,01:30:00,2024-03-22 15:47:21.429000+01:00,2024-07-22 22:58:22.541000+00:00
6,7,7e78d240-c2cc-41fc-90c3-45fc47ccebcd,2023-01-20,very much better,10.0,09:30:00,Good working day,"Non arrabbiarmi con Elena, √® una piccola topina",8.0,02:00:00,2024-03-22 15:46:09.973000+01:00,2024-07-22 22:58:18.861000+00:00
194,195,c5860a88-6314-4287-a30c-ac44fa5c64f6,2023-01-21,discussione con elena,10.0,10:30:00,frens day,relationship,7.0,03:00:00,2024-03-22 15:47:21.453000+01:00,2024-07-22 22:58:22.568000+00:00
7,8,b93df0fb-c63e-42f7-a1ea-93e0c3c4aef0,2023-01-22,still in litigio,10.0,12:00:00,Fun with frens,Mi manca Elena,8.0,03:00:00,2024-03-22 15:46:09.993000+01:00,2024-07-22 22:58:18.882000+00:00
195,196,8f80d7a2-d5a5-4b1e-b77d-d9e25133581d,2023-01-23,Stavo sbavando sul cuscino,9.0,11:00:00,Andato a pisa a risolvere i problemi,Start palestra,8.0,02:00:00,2024-03-22 15:47:21.478000+01:00,2024-07-22 22:58:22.600000+00:00
8,9,0404ba5b-e79e-413e-9492-c0e4b48e276c,2023-01-24,Risolto tutto con elena <3,8.0,09:00:00,Prese ferie,Vai a letto presto stronzo,7.0,03:30:00,2024-03-22 15:46:10.015000+01:00,2024-07-22 22:58:18.904000+00:00
196,197,84eaaa1f-a8c3-403e-8ea4-a65f3d7925d3,2023-01-25,Parrucchiere,7.0,08:20:00,Giornata de merda,Everything,5.0,02:00:00,2024-03-22 15:47:21.501000+01:00,2024-07-22 22:58:22.630000+00:00
9,10,59c573a3-87a6-4e9d-8061-5b2107e226a2,2023-01-26,Mm dormirei ancora,8.0,10:30:00,lavorato a dritto 10 ore,mi manca elena,8.0,02:00:00,2024-03-22 15:46:10.036000+01:00,2024-07-22 22:58:18.926000+00:00
197,198,d2c1ee5b-a711-4499-83ef-f567dc0e0db4,2023-01-27,Sono incorreggibile (?),8.0,10:30:00,Dormito sempre presto,Fumare di meno,7.0,02:00:00,2024-03-22 15:47:21.525000+01:00,2024-07-22 22:58:22.660000+00:00
10,11,64c2a454-92bc-4e70-8c74-cf53f48c53a4,2023-01-28,STUDYYYYYYYY,10.0,11:00:00,Transcript,STUDY,8.0,02:30:00,2024-03-22 15:46:10.059000+01:00,2024-07-22 22:58:18.948000+00:00
11,12,7ecce257-7be8-4ed8-ad3d-e72e75288d16,2023-01-29,ho fumato troppo,10.0,12:00:00,Study,Nanna prima,8.0,04:00:00,2024-03-22 15:46:10.079000+01:00,2024-07-22 22:58:18.972000+00:00
198,199,db816471-c8c8-4622-ad31-524ac5673c40,2023-01-30,Uff sto dormendo troppo tardi,10.0,13:00:00,,,7.0,02:00:00,2024-03-22 15:47:21.544000+01:00,2024-07-22 22:58:22.684000+00:00
12,13,e1ea6b38-a3fd-4d02-a808-9ae252e2ecb2,2023-01-31,exam day,11.0,10:30:00,ESAME andato molto bene,Fumare un po' meno,9.0,02:00:00,2024-03-22 15:46:10.103000+01:00,2024-07-22 22:58:18.996000+00:00
199,200,2dd6c1cd-79f2-428d-8ddd-3c1090ebdeb9,2023-02-01,odio la vita e il mio lavoro,10.0,10:00:00,Riniziato a lavorare,Mood,6.0,02:30:00,2024-03-22 15:47:21.566000+01:00,2024-07-22 22:58:22.712000+00:00
13,14,f6c4a2b8-c352-4aeb-b9dc-e495aa7f8083,2023-02-02,Sonnoooooo,7.0,10:00:00,"FULL working day, scritto ad un sacco di gente",Mood,7.0,02:00:00,2024-03-22 15:46:10.120000+01:00,2024-07-22 22:58:19.023000+00:00
200,201,d50a2166-ae0d-446a-8657-703c16fbb120,2023-02-03,Elena se ne va again,9.0,10:30:00,nice coinquilini,fumare meno,8.0,03:30:00,2024-03-22 15:47:21.591000+01:00,2024-07-22 22:58:22.746000+00:00
14,15,b5be7a30-d966-47db-a134-3ad3f511770b,2023-02-04,stanco triste,7.0,12:00:00,Bellissima giornata con Elena,Friends,9.0,01:50:00,2024-03-22 15:46:10.138000+01:00,2024-07-22 22:58:19.048000+00:00
201,202,039fc672-b23b-4072-94e2-44b9cfaacf56,2023-02-05,Che nanna,11.0,11:30:00,Bel finesettimana con Elena,Un po' di sport,9.0,02:00:00,2024-03-22 15:47:21.613000+01:00,2024-07-22 22:58:22.782000+00:00
15,16,69fd7eb2-a3ef-4bcf-b003-ffe2bdafd089,2023-02-06,Elena se ne va again,8.0,10:30:00,Palestra üèãÔ∏è,Andare a letto prima,9.0,03:30:00,2024-03-22 15:46:10.155000+01:00,2024-07-22 22:58:19.068000+00:00
16,17,282d45f2-6ecf-412e-97e5-5caa29227b8d,2023-02-07,so tired,6.0,11:30:00,Di nuovo palestra,NANNA PRESTO,9.0,02:30:00,2024-03-22 15:46:10.170000+01:00,2024-07-22 22:58:19.090000+00:00
202,203,04808498-3dc1-413b-a639-8db978fa3940,2023-02-08,che incubi pallosi,7.0,10:20:00,forgot,forgot,8.0,02:00:00,2024-03-22 15:47:21.634000+01:00,2024-07-22 22:58:22.819000+00:00
17,18,5e1aa30f-aef9-44e5-93f9-ac5da6aba77f,2023-02-09,So tired,6.0,10:20:00,Lavoro ‚Üí Palestra ‚Üí Programming,,9.0,01:40:00,2024-03-22 15:46:10.186000+01:00,2024-07-22 22:58:19.115000+00:00
203,204,ab2b81f8-ccf3-4586-979f-c7ba1526a9ea,2023-02-10,nice routine,10.0,10:30:00,Finito una full week di palestra,"fumare meno, ma tanto non lo faccio mai",8.0,02:20:00,2024-03-22 15:47:21.654000+01:00,2024-07-22 22:58:22.859000+00:00
424,425,e54a1bd8-5701-4fa5-b146-ffb3b686d31a,2023-02-11,"volevo svegliarmi prima, ma vabb√®",10.0,12:00:00,"Script for image sorting and duplicate deletion, tutto l'archivio √® sistemato üåü",Son le 3 e son qui che pianifico di giocare ad Hitman,8.0,06:20:00,2024-03-22 15:47:21.674000+01:00,2024-07-22 22:58:28.810000+00:00
18,19,4ee92681-6f34-4041-a13d-82e2b2c8ff1e,2023-02-12,"sono un bastardo, ma lo sapevo",8.0,15:00:00,Non ho fatto nulla,Voglia di vivere,5.0,01:00:00,2024-03-22 15:46:10.204000+01:00,2024-07-22 22:58:19.138000+00:00
19,20,d1c6b8df-b5a5-4b18-ac9e-6ddf3d390e87,2023-02-13,Che voglia che ho,9.0,10:25:00,Sopravvissuto a questa bad day,eh,5.0,02:30:00,2024-03-22 15:46:10.222000+01:00,2024-07-22 22:58:19.161000+00:00
204,205,14279f1e-1703-4539-99d7-00298a25e0a8,2023-02-14,Che nanne mi farei,8.0,10:20:00,"Silicon Valley √® molto bellino, ho anche lavorato tranquillamente oggi",Mangiare normale anzich√© pizze surgelate,8.0,02:20:00,2024-03-22 15:47:21.697000+01:00,2024-07-22 22:58:22.893000+00:00
205,206,bdfd9f7b-c4ab-43c7-a352-61f85533d995,2023-02-15,shits I'm late,8.0,10:37:00,Andato dai miei genitori a fare le chiacchiere,"Se inizio a bere non la smetto pi√π, me lo racconto sempre",6.0,01:20:00,2024-03-22 15:47:21.718000+01:00,2024-07-22 22:58:22.923000+00:00
20,21,9257dde2-ec59-4dad-a953-3cc800aa2f5f,2023-02-16,birthday ü•≥,9.0,10:30:00,Serata super piacevole,"fumare meno, al solito",9.0,04:30:00,2024-03-22 15:46:10.238000+01:00,2024-07-22 22:58:19.192000+00:00
21,22,8b69ca2c-551b-4077-9ffd-d549137d2017,2023-02-17,ho troppo sonno,6.0,10:20:00,fatto un cazzo sul lavoro,fatto un cazzo sul lavoro,7.0,01:20:00,2024-03-22 15:46:10.257000+01:00,2024-07-22 22:58:19.217000+00:00
206,207,ef073fe0-aa13-4189-baf8-3e0e989a1152,2023-02-18,che fatica scegliere cosa fare ü•≤,8.0,12:00:00,Populonia,non spendere troppo,10.0,01:30:00,2024-03-22 15:47:21.736000+01:00,2024-07-22 22:58:22.958000+00:00
207,208,d225208d-20c8-4633-b424-aad36fc48965,2023-02-19,spesa e lavaggio macchina,10.0,11:00:00,"ma quanto √® bella questa tastiera che mi ha regalato la mia micia, questo mi sblocca molto di pi√π il fisso (e forse il portatile)",mi servirebbe costantemente pi√π tempo,10.0,02:30:00,2024-03-22 15:47:21.757000+01:00,2024-07-22 22:58:22.992000+00:00
22,23,a31acf20-ed68-4f99-abb9-db5af75b1393,2023-02-20,Restart working,9.0,10:20:00,"Lavorato, palestrato, divinitato",non fumare centomila cicchini,9.0,03:00:00,2024-03-22 15:46:10.276000+01:00,2024-07-22 22:58:19.239000+00:00
208,209,acc9fbc5-ad94-4df6-826c-bc3aa8c528e8,2023-02-21,"Mi pancia is not happy with all those sigarette, birrini and biscotti",8.0,10:27:00,Heatmap of my life,non posso fare cos√¨ tardi per√≤ :(,10.0,03:30:00,2024-03-22 15:47:21.776000+01:00,2024-07-22 22:58:23.026000+00:00
23,24,4fa13c74-5b9e-499c-83a7-3b80b158e3ac,2023-02-22,Stanchissimo,7.0,10:20:00,survived,stanchrzza,7.0,02:00:00,2024-03-22 15:46:10.294000+01:00,2024-07-22 22:58:19.258000+00:00
24,25,55deb90e-f45b-41c2-b417-4297022c1c1d,2023-02-23,so presto,8.0,07:30:00,Madrid,Motivation,8.0,02:00:00,2024-03-22 15:46:10.313000+01:00,2024-07-22 22:58:19.274000+00:00
25,26,0ae8c069-44f2-49a8-90c9-cff460c02481,2023-02-24,Brunch,10.0,09:30:00,good day out,i don't like to travel,8.0,02:30:00,2024-03-22 15:46:10.331000+01:00,2024-07-22 22:58:19.295000+00:00
209,210,b152047f-513e-4856-a30f-6d7e82e1ecc0,2023-02-25,oioi,10.0,11:30:00,Madridz,Non essere antipatico con Elena,9.0,02:30:00,2024-03-22 15:47:21.797000+01:00,2024-07-22 22:58:23.058000+00:00
26,27,9f55affb-d2f9-4967-9d43-52ed720fef76,2023-02-26,partenza,10.0,11:00:00,Return home,nothing,10.0,03:00:00,2024-03-22 15:46:10.349000+01:00,2024-07-22 22:58:19.311000+00:00
210,211,b8e99f95-b17f-4f56-b6fe-17bd9ca7fd7d,2023-02-27,Mi sono svegliato tantissime volte wtf,10.0,10:20:00,ho lavorato much e ho fatto un po' di compagnia a mario e sofia (it was a bad idea),ho ripreso a fumare subito e ad andare a letto tardi,6.0,03:00:00,2024-03-22 15:47:21.822000+01:00,2024-07-22 22:58:23.086000+00:00
27,28,480a15c2-12d2-493c-a202-9e615bdd5428,2023-02-28,i'm broken,6.0,10:30:00,Esame. che voglia che ho,sleep sooner,7.0,02:30:00,2024-03-22 15:46:10.364000+01:00,2024-07-22 22:58:19.333000+00:00
211,212,8705e253-0725-4994-a608-0155ac003f3e,2023-03-01,"non ho mai voglia di lavorare, incredibile",8.0,10:30:00,Langchain,Letto primaaaa,8.0,03:30:00,2024-03-22 15:47:21.842000+01:00,2024-07-22 22:58:23.115000+00:00
28,29,61799647-ec4d-4a63-b2c0-3f4137f7012f,2023-03-02,tutto sommato bene,9.0,10:31:00,Sifty,Lavarmi i denti,8.0,03:30:00,2024-03-22 15:46:10.382000+01:00,2024-07-22 22:58:19.351000+00:00
29,30,a6dc0a88-aa9a-48d8-b002-41ac52c23406,2023-03-03,che bello dormire un'ora in pi√π,9.0,11:20:00,sifty progress,che pessima idea ubriacarsi,7.0,04:00:00,2024-03-22 15:46:10.401000+01:00,2024-07-22 22:58:19.370000+00:00
212,213,9c47b395-5c75-460d-ad8e-95be15873bc0,2023-03-04,muoio,1.0,12:00:00,Super top concerto,pi√π chill nei social,10.0,04:00:00,2024-03-22 15:47:21.864000+01:00,2024-07-22 22:58:23.144000+00:00
213,214,dde0a308-9294-4685-9c5e-81720c308a92,2023-03-05,Super top concerto,9.0,14:00:00,Sono andato alla pizzata dei musicisti anche se meh,Perch√© ho fatto cos√¨ tardi porco dio,7.0,05:30:00,2024-03-22 15:47:21.886000+01:00,2024-07-22 22:58:23.172000+00:00
30,31,6cf9a48e-f105-44f1-9b7a-edb38ed50efc,2023-03-06,Sono l'ombra di me stesso,3.0,10:50:00,"Replit Sifty, Obsidian Improvements",Nanna prima,7.0,03:30:00,2024-03-22 15:46:10.418000+01:00,2024-07-22 22:58:19.384000+00:00
426,427,0f29e353-46d4-4230-9bea-71a8fe695bb6,2023-03-07,another day,7.0,10:20:00,Shifty üëø,Ho fumato 12 cicchini e ne fumero ancora,9.0,03:30:00,2024-03-22 15:47:22.087000+01:00,2024-07-22 22:58:28.851000+00:00
31,32,f2f1c1d2-3a4d-4278-b015-8c0022524087,2023-03-08,forse mi devo svegliare un secondo prima per fare la pipi,8.0,10:30:00,JavaScript,non incavolarmici,7.0,02:30:00,2024-03-22 15:46:10.435000+01:00,2024-07-22 22:58:19.398000+00:00
32,33,16b8c482-e32e-465a-a95a-5d0a999a6124,2023-03-09,alright un po' meglio,8.0,10:20:00,coding,dunno,7.0,02:30:00,2024-03-22 15:46:10.452000+01:00,2024-07-22 22:58:19.419000+00:00
274,275,d02af728-ef5d-4a29-b640-053e43f8a620,2023-03-10,Top risveglio,9.0,10:20:00,Obsidian buttons,10 birrini e 10 cicchini,8.0,06:00:00,2024-03-22 15:47:22.110000+01:00,2024-07-22 22:58:25.273000+00:00
33,34,19ed7fe4-de26-4728-88e9-bb22d99ae220,2023-03-11,Sono sbriciolato,2.0,12:50:00,Nannato abbastanza presto,Uscire di casa,7.0,02:30:00,2024-03-22 15:46:10.468000+01:00,2024-07-22 22:58:19.442000+00:00
222,223,24fda794-cf31-4f95-a453-17525a78e7a6,2023-03-12,Deh vivere cos√¨ da solo √® deprimente,10.0,13:00:00,Survived this god awful day,Find a new hobby?,6.0,03:30:00,2024-03-22 15:47:22.132000+01:00,2024-07-22 22:58:23.425000+00:00
34,35,71744b12-fc63-47d2-93c5-7c4817f49ef3,2023-03-13,Non ho mai voglia di lavorare,9.0,10:25:00,Palestra,Ho fatto tardissimo,7.0,03:50:00,2024-03-22 15:46:10.482000+01:00,2024-07-22 22:58:19.461000+00:00
223,224,4cb74856-44b6-43f8-8c53-407a6ea9fa41,2023-03-14,quite tired,7.0,10:30:00,Product updates,Gpt 4,9.0,02:55:00,2024-03-22 15:47:22.157000+01:00,2024-07-22 22:58:23.456000+00:00
224,225,a3a4236d-20b0-4cba-9e22-e90f4f0d7c8a,2023-03-15,Mi sono svegliato senza sveglia,6.0,10:30:00,Big productive day at work,"√à tardissimo, anche se lo volevo fare",9.0,03:23:00,2024-03-22 15:47:22.186000+01:00,2024-07-22 22:58:23.489000+00:00
35,36,1590cc0d-ec76-4ebf-9d34-6f0ce38b631c,2023-03-16,Ho sognato che si andava in Marocco,8.0,10:24:00,Sifty with sources,Fare qualcosa di nuovo,8.0,03:30:00,2024-03-22 15:46:10.498000+01:00,2024-07-22 22:58:19.480000+00:00
225,226,270108db-e78f-49a2-9f80-242bd54250e9,2023-03-17,Very sonno,5.0,10:35:00,I'm satisfied of the work,Despite the good times I feel lonely,9.0,03:20:00,2024-03-22 15:47:22.206000+01:00,2024-07-22 22:58:23.519000+00:00
36,37,f542de8c-df60-4f1d-8dd0-5ece5bd622ef,2023-03-18,Che palleeee,6.0,13:00:00,Stato bene con la mia micia,La mia pancetta,7.0,02:00:00,2024-03-22 15:46:10.518000+01:00,2024-07-22 22:58:19.496000+00:00
37,38,13e106d4-5bc6-44c7-848b-055d427a223d,2023-03-19,Sex,10.0,12:00:00,Double cinema,Nothing,9.0,01:00:00,2024-03-22 15:46:10.535000+01:00,2024-07-22 22:58:19.513000+00:00
226,227,aaa93c94-7a05-4948-9036-d13fa041c2e1,2023-03-20,Noice,10.0,07:30:00,Good work,Fumare meno,8.0,02:00:00,2024-03-22 15:47:22.228000+01:00,2024-07-22 22:58:23.545000+00:00
38,39,717840cd-8735-4e9a-885b-2e018ef8de57,2023-03-21,Che voglia,10.0,10:30:00,Nothing,Ho mal di pancia,5.0,00:00:00,2024-03-22 15:46:10.550000+01:00,2024-07-22 22:58:19.531000+00:00
227,228,c1044e2a-32ce-4ee6-aa85-9f3656daf8a0,2023-03-22,Ho dormito 12 ore,10.0,10:30:00,Sono arrivato sano e salvo,Change house,6.0,01:00:00,2024-03-22 15:47:22.248000+01:00,2024-07-22 22:58:23.577000+00:00
39,40,ec825bbe-cb1b-4a7d-969e-f019021bcba6,2023-03-23,Hackathon starts!,9.0,08:10:00,Good product manager,Ho voglia di staccare,9.0,00:30:00,2024-03-22 15:46:10.565000+01:00,2024-07-22 22:58:19.551000+00:00
228,229,99af55e9-9dcb-40f1-86da-137c4f446a6e,2023-03-24,Come son scorbutico al mattino,9.0,08:00:00,Hackathon,Smoke less,8.0,00:00:00,2024-03-22 15:47:22.270000+01:00,2024-07-22 22:58:23.607000+00:00
40,41,d1fc8d43-d813-420b-85ff-8cfb9cb6e2fa,2023-03-25,Vorrei essere a casa,9.0,09:00:00,London sightseeing,Ho fumato di nuovo tanto,7.0,03:00:00,2024-03-22 15:46:10.580000+01:00,2024-07-22 22:58:19.572000+00:00
229,230,44d054e4-2022-4816-9e27-c9e5fbc64e57,2023-03-26,Ohhh che bello,10.0,10:30:00,Tornato back home,Devo mangiare riso per 2 settimane,8.0,02:00:00,2024-03-22 15:47:22.291000+01:00,2024-07-22 22:58:23.633000+00:00
41,42,9367ce6c-9834-4c11-a6d9-b5b29ed6e140,2023-03-27,Che bello averci Elena qui,10.0,09:30:00,Elena ha abortito,Elena ha abortito,8.0,00:00:00,2024-03-22 15:46:10.593000+01:00,2024-07-22 22:58:19.590000+00:00
230,231,382120a6-6172-4144-9217-5e7451027e1f,2023-03-28,Mi manca Elena :(,10.0,10:30:00,Anadato a nanna presto,Non fumare x1000,7.0,02:10:00,2024-03-22 15:47:22.311000+01:00,2024-07-22 22:58:23.659000+00:00
42,43,1ae37611-3d02-4193-a2ef-886ba2b6debf,2023-03-29,Patato mi toccava il naso per avere cibo,8.0,10:20:00,boh,boh,7.0,02:00:00,2024-03-22 15:46:10.610000+01:00,2024-07-22 22:58:19.604000+00:00
43,44,0236a753-5c53-4695-ac03-c03a95f273f4,2023-03-30,Super tired,6.0,10:30:00,Many meetings,Ubriacone,8.0,02:00:00,2024-03-22 15:46:10.624000+01:00,2024-07-22 22:58:19.621000+00:00
231,232,5a6186df-1847-49f4-9c88-5bc94eeda1b4,2023-03-31,Finally friday,10.0,10:24:00,Stato bravo alla cena delle peppie,14 cicchini √® un crimine,7.0,02:10:00,2024-03-22 15:47:22.332000+01:00,2024-07-22 22:58:23.690000+00:00
232,233,abe5f9df-3c38-4ec5-a5f7-18e1b28a9fe3,2023-04-01,Lovely Elena,8.0,10:30:00,No sigarette,Spendere meno soldi,9.0,02:30:00,2024-03-22 15:47:22.352000+01:00,2024-07-22 22:58:23.716000+00:00
45,46,1e9fa693-dfbd-4100-8052-67c33798eb32,2023-04-02,Che nanne,10.0,11:00:00,Ho aiutato Elena con Bioinformatica,Happiness in general,7.0,02:00:00,2024-03-22 15:47:16.401000+01:00,2024-07-22 22:58:19.657000+00:00
233,234,69954ebb-492e-4e2e-9c18-80451cb1f5bf,2023-04-03,Mangerei una scarpa piuttosto che lavorare,9.0,10:20:00,1v1 productive with France,Sono andato a letto tardi,9.0,03:10:00,2024-03-22 15:47:22.371000+01:00,2024-07-22 22:58:23.744000+00:00
46,47,0216cd5c-fd70-4a94-96f2-679beff371c2,2023-04-04,7 ore di sonno le sento,7.0,10:30:00,Pathfindero Vault,"Nuovo team, mi devo dare una mossa",7.0,01:50:00,2024-03-22 15:47:16.447000+01:00,2024-07-22 22:58:19.672000+00:00
234,235,cf4b77a5-ad23-4f89-862f-70d6ebea6e51,2023-04-05,Dentista,9.0,09:30:00,Igiene dentale,Ho fatto troppo tardi,8.0,03:40:00,2024-03-22 15:47:22.393000+01:00,2024-07-22 22:58:23.774000+00:00
47,48,1636e2f3-1b70-4965-9880-8d459d059717,2023-04-06,Stanco,6.0,10:35:00,Pathfinder map,Fare qualcosa ogni tanto,7.0,00:00:00,2024-03-22 15:47:16.490000+01:00,2024-07-22 22:58:19.686000+00:00
235,236,8be067de-594e-479c-8bd2-97dcebaf4d2d,2023-04-07,Ho dormito seimila ore,10.0,10:30:00,Pathfinder Scraper,Cambiare casa,9.0,02:30:00,2024-03-22 15:47:22.412000+01:00,2024-07-22 22:58:23.809000+00:00
48,49,9d94d8da-abd7-4de2-b98d-ae2e3379bf24,2023-04-08,Super nanne,10.0,11:30:00,Pathfinder scraper,Fumato e bevuto troppo,9.0,02:30:00,2024-03-22 15:47:16.597000+01:00,2024-07-22 22:58:19.701000+00:00
49,50,b488f672-0546-45be-b8d3-89aae7abf5ca,2023-04-09,Oddio,4.0,11:00:00,Pranzo barga,My routine,8.0,04:00:00,2024-03-22 15:47:16.629000+01:00,2024-07-22 22:58:19.716000+00:00
236,237,d46c944d-61ed-43f8-be6e-4d212e7b83e7,2023-04-10,Ooof,7.0,11:30:00,Festino a casa mia,Bevuto e fumato troppo come al solito diocane,8.0,04:00:00,2024-03-22 15:47:22.432000+01:00,2024-07-22 22:58:23.838000+00:00
50,51,e0b5ada8-077a-4997-be0c-6a73c7349424,2023-04-11,La gola mi uccide,2.0,10:30:00,Super Scraping,Sick,7.0,03:00:00,2024-03-22 15:47:16.664000+01:00,2024-07-22 22:58:19.731000+00:00
51,52,3733db12-c0a6-460d-a80d-6b04a081c6e0,2023-04-12,Febbre,6.0,10:30:00,Sick,Sick,5.0,02:00:00,2024-03-22 15:47:16.700000+01:00,2024-07-22 22:58:19.748000+00:00
237,238,cf4a0e40-cdc8-4c29-87db-61f11ffbc13b,2023-04-13,Rinizio a lavorare,8.0,10:30:00,Python Pathfinder,Relazione con Elena,6.0,02:30:00,2024-03-22 15:47:22.452000+01:00,2024-07-22 22:58:23.863000+00:00
52,53,58a500a8-d963-4af9-913f-d3fa117cfc1f,2023-04-14,Bellanca seems mad,8.0,11:20:00,Lavorato a dritto,Crisi con elena,5.0,02:20:00,2024-03-22 15:47:16.733000+01:00,2024-07-22 22:58:19.765000+00:00
238,239,9de5e1aa-4f2e-41fd-a975-a012c0341d03,2023-04-15,Risolvere crisi,9.0,11:00:00,Risolto la crisi con Elena,Deh ho fumato e bevuto di nuovo perch√© sono rimasto chiuso fuori casa,7.0,05:30:00,2024-03-22 15:47:22.476000+01:00,2024-07-22 22:58:23.894000+00:00
53,54,ea1a897e-3b35-4774-9497-5943fae6596c,2023-04-16,It sucks,4.0,12:00:00,Nothing,Fumare meno,7.0,03:30:00,2024-03-22 15:47:16.772000+01:00,2024-07-22 22:58:19.782000+00:00
239,240,643b207e-52dc-4eac-bc28-f3aacef55dde,2023-04-17,Voglia di lavorare saltami addosso,6.0,11:10:00,Closed the metric magicians,Letto prima,8.0,02:30:00,2024-03-22 15:47:22.500000+01:00,2024-07-22 22:58:23.951000+00:00
54,55,4faf59f4-432b-40f2-a276-08dc226abfaa,2023-04-18,I'm gonna get bonked so hard if I continue,7.0,11:20:00,ShiniNewTeam,Voglia,8.0,01:30:00,2024-03-22 15:47:16.804000+01:00,2024-07-22 22:58:19.802000+00:00
240,241,fd11d461-daa9-4752-8e6e-009e24308532,2023-04-19,Che bella la mia micia,8.0,09:30:00,Sono a Milano,Non vorrei essere a Milano,7.0,02:45:00,2024-03-22 15:47:22.525000+01:00,2024-07-22 22:58:24.003000+00:00
55,56,4d23f776-06cc-4ca9-8d7c-555c596d3e2a,2023-04-20,Lavorare a milano,7.0,10:30:00,Pathfinder & Frens,Non spendere cos√¨ tanto,9.0,03:30:00,2024-03-22 15:47:16.839000+01:00,2024-07-22 22:58:19.818000+00:00
241,242,352efd20-d6de-410d-a51f-8eb62fc8cf7e,2023-04-21,Sbriciolato,5.0,12:00:00,Torino milano,Smettere di spendere soldi,7.0,04:30:00,2024-03-22 15:47:22.552000+01:00,2024-07-22 22:58:24.043000+00:00
416,417,b752dbc5-9c01-4d03-8a5e-25b9a43fb909,2023-04-22,Ooouf,8.0,13:00:00,Tornato a livorno,Un po' tutto,5.0,00:00:00,2024-03-22 15:47:16.871000+01:00,2024-07-22 22:58:28.622000+00:00
417,418,1d365cc3-1649-4b53-841a-ef67bb301c2b,2023-04-23,MMh problemi in paradiso,9.0,08:30:00,Scraping a palla di foo,Andare a letto prima,7.0,03:10:00,2024-03-22 15:47:16.904000+01:00,2024-07-22 22:58:28.644000+00:00
427,428,edd3b7e2-c9df-42f9-a546-b6dbe7c064a3,2023-04-24,Uffa son stanco non voglio lavorare,5.0,10:30:00,Parlato con checco del futuro lavorativo,Elena √® in crisi nera ed io non ho le forze di starle dietro,6.0,03:00:00,2024-03-22 15:47:22.573000+01:00,2024-07-22 22:58:28.874000+00:00
114,115,3ca07eb4-26ba-455e-ab75-d771ead8b0e3,2023-04-25,Elena √® in crisi,7.0,11:00:00,Suppressed my feelings,Voglia di vivere,4.0,04:20:00,2024-03-22 15:47:16.938000+01:00,2024-07-22 22:58:20.817000+00:00
242,243,f373af8b-97b2-46d5-b8c9-fc01ce136df4,2023-04-26,Che fatiha,6.0,10:45:00,nulla,tutto,3.0,00:00:00,2024-03-22 15:47:22.594000+01:00,2024-07-22 22:58:24.090000+00:00
57,58,80dda7d1-453a-40bc-8612-65f9ae85cb85,2023-04-27,Dio che voglia di vivere,9.0,11:00:00,,,6.0,04:00:00,2024-03-22 15:47:16.968000+01:00,2024-07-22 22:58:19.849000+00:00
243,244,b2d73d6b-de32-48f9-9f41-bac7d5d753ad,2023-04-28,Boia che stronzo che sono,5.0,11:30:00,Lavorato e cena con vic,Letto prima,7.0,05:00:00,2024-03-22 15:47:22.620000+01:00,2024-07-22 22:58:24.139000+00:00
58,59,f2f71700-825e-44ae-b47a-695c61c44ed0,2023-04-29,Uops,7.0,13:00:00,Pulito tutto,Alzarmi prima,9.0,01:00:00,2024-03-22 15:47:16.999000+01:00,2024-07-22 22:58:19.864000+00:00
59,60,4135a829-55f4-435c-bbba-a987b38a2b5f,2023-04-30,Fucking zanzare,9.0,12:00:00,Portato Elena a spasso,Dormire prima,8.0,04:00:00,2024-03-22 15:47:17.028000+01:00,2024-07-22 22:58:19.880000+00:00
244,245,527520ad-0692-49dc-99e5-d5c4537c4ac7,2023-05-01,Che bella la mia micia,8.0,11:30:00,Pathfinder Audio,Devo smetterla di andare a letto tardi,6.0,04:30:00,2024-03-22 15:47:22.643000+01:00,2024-07-22 22:58:24.186000+00:00
60,61,a18a4285-ebf8-41ba-b891-a1cecfe1256c,2023-05-02,It sucks,3.0,11:00:00,Supercharged links,**Devo andare a letto prima**,6.0,05:10:00,2024-03-22 15:47:17.056000+01:00,2024-07-22 22:58:19.898000+00:00
245,246,1f9362b9-1575-4356-a601-e64cf45d8627,2023-05-03,OH FUCKING SHAISSE,4.0,12:47:00,nothing,andare a letto prima,3.0,02:00:00,2024-03-22 15:47:22.662000+01:00,2024-07-22 22:58:24.225000+00:00
246,247,d295b48e-996e-40f8-889d-78e6f6e601b5,2023-05-04,Comunque molto stanco,6.0,10:30:00,"Lavorato bene, Scraper e documentazione",Solite cose,8.0,02:30:00,2024-03-22 15:47:22.680000+01:00,2024-07-22 22:58:24.277000+00:00
61,62,53998e9d-c9a4-434e-a20a-357dca124d42,2023-05-05,Che fatica svegliarsi al mattino :(,5.0,10:30:00,Vicuna,Fumare meno,7.0,02:10:00,2024-03-22 15:47:17.086000+01:00,2024-07-22 22:58:19.917000+00:00
62,63,a9536d02-0853-433d-8470-60a2f344e990,2023-05-06,asd,8.0,11:30:00,Festa gemma,Fumare meno,7.0,03:00:00,2024-03-22 15:47:17.119000+01:00,2024-07-22 22:58:19.931000+00:00
247,248,799c9765-2919-4177-85a9-f418fec0b063,2023-05-07,Secs,6.0,12:00:00,Uscita con Elena,All good,8.0,02:00:00,2024-03-22 15:47:22.698000+01:00,2024-07-22 22:58:24.330000+00:00
63,64,dc856af5-7aa0-416e-a0b9-48232fce6358,2023-05-08,Elena's leaving :(,10.0,08:30:00,Woke up early,Smoke,8.0,02:00:00,2024-03-22 15:47:17.155000+01:00,2024-07-22 22:58:19.947000+00:00
248,249,53bb6dfa-fef8-4b8c-b3c3-f61e3ddf60bb,2023-05-09,Devo riniziare a svegliarmi un po' prima,8.0,10:30:00,Not much,Most of it,6.0,03:00:00,2024-03-22 15:47:22.724000+01:00,2024-07-22 22:58:24.376000+00:00
64,65,83e5d4b1-1d41-411f-b6af-053be28ed414,2023-05-10,Dai leggermente meglio,6.0,10:45:00,DND,Smoke,7.0,03:20:00,2024-03-22 15:47:17.197000+01:00,2024-07-22 22:58:19.968000+00:00
65,66,f4bbfaf7-e2c2-444f-822f-2892665f1e96,2023-05-11,Sono uno stronzo vero,9.0,11:00:00,Super GitHub,Smoke less,8.0,02:00:00,2024-03-22 15:47:17.233000+01:00,2024-07-22 22:58:19.983000+00:00
249,250,a20636c9-6472-459a-958e-cffccde35c8c,2023-05-12,Checco carabinieri,8.0,09:30:00,üêç,smoke less,8.0,02:10:00,2024-03-22 15:47:22.758000+01:00,2024-07-22 22:58:24.417000+00:00
66,67,5cdd363a-64d3-4a2e-b2cf-abc64695982f,2023-05-13,Tutti distrutti,8.0,13:00:00,Arezzo Firenze,Elena √® triste,6.0,03:30:00,2024-03-22 15:47:17.274000+01:00,2024-07-22 22:58:19.997000+00:00
250,251,202db3ad-327e-4fd5-a972-07778144546b,2023-05-14,Elena √® triste,10.0,13:30:00,MarioSoftware,Relazione con Elena,6.0,04:00:00,2024-03-22 15:47:22.781000+01:00,2024-07-22 22:58:24.457000+00:00
67,68,ab319ffa-604f-4620-b201-61501b11c43a,2023-05-15,Madonna che fatica,4.0,11:22:00,Software Python,Go to sleep early,6.0,03:30:00,2024-03-22 15:47:17.318000+01:00,2024-07-22 22:58:20.013000+00:00
68,69,2e43f138-3745-4b41-8a41-c09a05774992,2023-05-16,Lol,7.0,11:29:00,MarioApp,Tutto,7.0,03:30:00,2024-03-22 15:47:17.357000+01:00,2024-07-22 22:58:20.027000+00:00
251,252,9c593e0d-22c8-4161-8bd3-55aadfeb2b2b,2023-05-17,Che stronzo che sono,6.0,11:25:00,Super HTML progress on the app,:(,8.0,04:00:00,2024-03-22 15:47:22.804000+01:00,2024-07-22 22:58:24.496000+00:00
69,70,d8edb7cc-1de9-484c-9eed-31a597cf1229,2023-05-18,Sono uno zombie,4.0,10:40:00,Starting to really be a coder,Most of it,8.0,03:30:00,2024-03-22 15:47:17.393000+01:00,2024-07-22 22:58:20.043000+00:00
252,253,a149b934-6d0f-4692-b89a-2836660a3dbe,2023-05-19,Come on,7.0,11:00:00,Javascript -> Python,Ho troppi progetti in flight,7.0,02:00:00,2024-03-22 15:47:22.828000+01:00,2024-07-22 22:58:24.533000+00:00
70,71,7773015a-0a02-4fde-9e48-de81ddc02eb2,2023-05-20,Pisa,9.0,11:00:00,App images,Elena is sad,7.0,01:00:00,2024-03-22 15:47:17.425000+01:00,2024-07-22 22:58:20.061000+00:00
253,254,a2938f0b-7c0c-4d1e-b031-df68485a4868,2023-05-21,Elena √® triste,10.0,10:00:00,Genitori 35 anni di matrimonio,Son stanco,5.0,02:40:00,2024-03-22 15:47:22.850000+01:00,2024-07-22 22:58:24.567000+00:00
71,72,d77870b8-7d78-40cf-bcba-ad631f97f02e,2023-05-22,Molto riposato,9.0,10:00:00,Worked and Played,Devo mangiare normale,7.0,03:00:00,2024-03-22 15:47:17.454000+01:00,2024-07-22 22:58:20.076000+00:00
254,255,c09a22bc-2f39-4f5b-b135-3dbf8cce6ed9,2023-05-23,Ok let's go,9.0,11:15:00,Concluso il developing della MarioApp,Andare a letto prima,8.0,03:00:00,2024-03-22 15:47:22.874000+01:00,2024-07-22 22:58:24.604000+00:00
72,73,4699b9c0-065d-405f-b90d-002bd3a859e8,2023-05-24,Avrei dormito anni,7.0,11:00:00,Scrips & Shit,Devo dormire di pi√π,7.0,03:10:00,2024-03-22 15:47:17.491000+01:00,2024-07-22 22:58:20.090000+00:00
255,256,f870309c-6467-41c3-8f4c-d289fc8c6130,2023-05-25,Non ce la faccio pi√π,4.0,11:00:00,Very good on the job,Fumare meno / Letto prima,8.0,03:00:00,2024-03-22 15:47:22.897000+01:00,2024-07-22 22:58:24.643000+00:00
73,74,74a6a524-e0c7-4643-81c1-743ac26fb0a7,2023-05-26,"Come on, last day",8.0,11:10:00,not much,Volermi bene,6.0,04:00:00,2024-03-22 15:47:17.523000+01:00,2024-07-22 22:58:20.105000+00:00
74,75,daaf71df-efa2-4f10-863e-cb00a65bbb8c,2023-05-27,Inizia a fare il vero caldo,8.0,14:00:00,Studied like a hog,Life,7.0,04:10:00,2024-03-22 15:47:17.548000+01:00,2024-07-22 22:58:20.118000+00:00
256,257,b75549b0-4f12-4249-ac59-87e327a5a0ab,2023-05-28,Going to pisa,8.0,13:00:00,Super relax con elena,Son riuscito comunque a fumare tanto,9.0,00:30:00,2024-03-22 15:47:22.919000+01:00,2024-07-22 22:58:24.686000+00:00
75,76,208ae296-e9ff-41b7-aead-2c8d9f169709,2023-05-29,Elena √® in ritardo,10.0,10:30:00,Studiato,ho fatto le 5,7.0,05:00:00,2024-03-22 15:47:17.577000+01:00,2024-07-22 22:58:20.132000+00:00
76,77,a0478533-fedb-4589-b127-923096c98f56,2023-05-30,Sogni strani,5.0,12:30:00,Pisa,Uni,6.0,01:20:00,2024-03-22 15:47:17.611000+01:00,2024-07-22 22:58:20.149000+00:00
257,258,3b85ae19-944a-46d7-9c45-e2128adfd25a,2023-05-31,Esame,8.0,08:00:00,Esami di Psicologia della Comunicazione,Non andare a letto alle 3.30,8.0,03:30:00,2024-03-22 15:47:22.940000+01:00,2024-07-22 22:58:24.733000+00:00
77,78,38e01f9b-0761-4dfb-b5e3-b7ba60303345,2023-06-01,Uffaaaaaaaaaaaaaaaaaaaaaaaaaaaaa,5.0,10:15:00,CompanyGenerator,Bau,7.0,04:00:00,2024-03-22 15:47:17.644000+01:00,2024-07-22 22:58:20.166000+00:00
258,259,309039cc-1a19-4794-8d62-bf6c558ac6cd,2023-06-02,Pizza mal di pancia,7.0,10:30:00,Nonostante il litigio con elena son tranquillo,Elena se ne deve andare a fanculo,8.0,02:00:00,2024-03-22 15:47:22.962000+01:00,2024-07-22 22:58:24.766000+00:00
78,79,dce96350-d339-4026-93d9-0a87cecd70d7,2023-06-03,avrei dormito come un pino,10.0,12:00:00,Mare e uscite,Ho bevuto troppo,8.0,03:00:00,2024-03-22 15:47:17.676000+01:00,2024-07-22 22:58:20.183000+00:00
259,260,8b19ad37-efbd-4745-b296-2a677751c539,2023-06-04,hello,4.0,12:00:00,Survived,Devo cambiare un po' :(,7.0,02:00:00,2024-03-22 15:47:22.986000+01:00,2024-07-22 22:58:24.801000+00:00
79,80,9de72c4a-ffc8-4290-a125-82d140dc35b9,2023-06-05,Lets start the week,9.0,10:20:00,Meh,Meh,7.0,03:30:00,2024-03-22 15:47:17.706000+01:00,2024-07-22 22:58:20.199000+00:00
260,261,a66436b9-737d-42f2-8761-f0ec02ddc217,2023-06-06,Cazzarola qui andavo avanti all'infinito,5.0,11:15:00,AI,Happiness,6.0,02:00:00,2024-03-22 15:47:23.008000+01:00,2024-07-22 22:58:24.836000+00:00
80,81,c74aed15-cede-46a5-ab01-12f411519d86,2023-06-07,Elena esame informatica,7.0,08:45:00,CommercialisTax,Andare a letto prima,9.0,04:20:00,2024-03-22 15:47:17.742000+01:00,2024-07-22 22:58:20.214000+00:00
81,82,0d82ac74-beca-4b31-90ce-4b8bab106497,2023-06-08,Im ded,2.0,10:30:00,I'm holding,All,4.0,03:40:00,2024-03-22 15:47:17.776000+01:00,2024-07-22 22:58:20.229000+00:00
261,262,9ff0ec0d-fb6a-4438-b7f9-39cd270f51ef,2023-06-09,It sucks,2.0,10:30:00,boh,boh,6.0,03:00:00,2024-03-22 15:47:23.028000+01:00,2024-07-22 22:58:24.870000+00:00
82,83,c0c1d862-02e5-431f-9795-4e9066369996,2023-06-10,Mi ammazzano,6.0,08:20:00,Biella,Bere meno,8.0,01:00:00,2024-03-22 15:47:17.817000+01:00,2024-07-22 22:58:20.244000+00:00
262,263,9b8cb213-e6f8-4881-a138-614c3b6ce99d,2023-06-11,Che fatica,7.0,09:20:00,Tornato a livorno,Rimettere in piedi la mia vita,5.0,04:00:00,2024-03-22 15:47:23.049000+01:00,2024-07-22 22:58:24.905000+00:00
83,84,85211384-6276-416f-aa1c-3b1c143260e6,2023-06-12,Im dying,2.0,10:30:00,Not much,Most of it,5.0,03:30:00,2024-03-22 15:47:17.851000+01:00,2024-07-22 22:58:20.258000+00:00
84,85,f363b4ad-fd15-4ced-a0c4-c5d0910d2997,2023-06-13,I love the rain,7.0,10:30:00,Fatto tutto con calma,Pensare al mio presente,7.0,02:30:00,2024-03-22 15:47:17.889000+01:00,2024-07-22 22:58:20.271000+00:00
263,264,96949de6-19cd-44a8-914e-b014597a94bf,2023-06-14,Finally sono riposato,8.0,10:20:00,Smanettato come un mostro,"A lot of things, ma piano piano si fa",7.0,03:00:00,2024-03-22 15:47:23.073000+01:00,2024-07-22 22:58:24.939000+00:00
85,86,e081223a-c1da-4df0-96d8-b55e02680920,2023-06-15,Ok,7.0,10:20:00,SuperMan,Life,7.0,02:30:00,2024-03-22 15:47:17.930000+01:00,2024-07-22 22:58:20.283000+00:00
86,87,736268a3-1cb2-4cb2-83b2-526683c7e67e,2023-06-16,Ok,8.0,10:20:00,Serata a pisa,Fumare meno,9.0,04:30:00,2024-03-22 15:47:17.972000+01:00,2024-07-22 22:58:20.297000+00:00
264,265,e19c4a5b-5d2b-4fcd-ba60-f2f4892889f4,2023-06-17,Ammazzerei tutti,1.0,12:00:00,Frens,Va tutto bene,10.0,02:30:00,2024-03-22 15:47:23.094000+01:00,2024-07-22 22:58:24.976000+00:00
265,266,55c82013-086a-4c72-b8c2-c5301c2f3b6e,2023-06-18,Elena sta poco bene,9.0,12:00:00,Survived the day,Scrollarmi di dosso la pigrizia,8.0,01:30:00,2024-03-22 15:47:23.113000+01:00,2024-07-22 22:58:25.009000+00:00
87,88,21847fc2-7ec3-49af-aeea-641cbcf473bb,2023-06-19,Super cool,9.0,10:00:00,Mi piace un sacco elena,Non andare a letto alle 6 del mattino,8.0,06:00:00,2024-03-22 15:47:18.013000+01:00,2024-07-22 22:58:20.314000+00:00
88,89,c72ae0ce-0451-47e5-877c-06eae6edd4fc,2023-06-20,AAAAAAA,1.0,09:30:00,Survived,Non andare a letto alle 6,7.0,03:00:00,2024-03-22 15:47:18.060000+01:00,2024-07-22 22:58:20.333000+00:00
266,267,4414912a-b117-4a61-aad6-52ab068a1176,2023-06-21,Mareeee,6.0,10:30:00,Mareee,Andare a letto prima,8.0,02:50:00,2024-03-22 15:47:23.132000+01:00,2024-07-22 22:58:25.044000+00:00
89,90,b0d06d0e-97dd-4675-9a5a-fb696f3c659d,2023-06-22,Devo fare la presentazione sui macachi,7.0,10:29:00,Frenso,Non fare cos√¨ tardi :(,8.0,04:00:00,2024-03-22 15:47:18.109000+01:00,2024-07-22 22:58:20.353000+00:00
267,268,3580d3bd-e93f-4fa8-b24f-34f01d8741ad,2023-06-23,I'm old and frail,1.0,09:20:00,Non ho fatto nulla,Non ho fatto nulla,2.0,06:30:00,2024-03-22 15:47:23.152000+01:00,2024-07-22 22:58:25.074000+00:00
268,269,4133d94d-34b6-463b-8352-80cf184b55e4,2023-06-24,Dai tutto somatto okay,7.0,14:30:00,"Uscito e stato ""bene""",Devo levarmi da questa pozza di sudore in cui vivo,7.0,02:00:00,2024-03-22 15:47:23.170000+01:00,2024-07-22 22:58:25.102000+00:00
90,91,3e9c2a13-7163-48a4-b9d8-bbf4d51ef2d6,2023-06-25,Su forza su su su,8.0,13:00:00,SuperMan,Drink n smoke less,10.0,02:00:00,2024-03-22 15:47:18.151000+01:00,2024-07-22 22:58:20.375000+00:00
91,92,b2329678-2dc8-4c05-b04a-b3e774c90c1a,2023-06-26,First Psicologo,9.0,08:30:00,Psicologo presto,Vita,7.0,00:00:00,2024-03-22 15:47:18.193000+01:00,2024-07-22 22:58:20.394000+00:00
269,270,34b7c3c0-55da-4fe1-8e55-63d97ba94fda,2023-06-27,Che vita,7.0,10:20:00,Worked despite the holiday period,Nah,7.0,02:00:00,2024-03-22 15:47:23.195000+01:00,2024-07-22 22:58:25.130000+00:00
270,271,cb2aa45d-def0-4eb4-9576-c2980d35b3c4,2023-06-28,Wssz Ho dimenticato gli occhiali da Elena,8.0,08:00:00,Ho dato l'esame nonostante tutto,Went to bed late,9.0,03:15:00,2024-03-22 15:47:23.216000+01:00,2024-07-22 22:58:25.156000+00:00
93,94,1a99213f-cebf-45a5-b990-7f0e02accaed,2023-06-29,Wooops,5.0,11:15:00,Age of wonders 4 is cool,Fix my room,6.0,07:00:00,2024-03-22 15:47:18.275000+01:00,2024-07-22 22:58:20.440000+00:00
94,95,820cbbbb-152d-4914-afdd-c16e4b80407f,2023-06-30,I didn't actually sleep,8.0,10:30:00,Pulito camera,Dormire,9.0,01:00:00,2024-03-22 15:47:18.317000+01:00,2024-07-22 22:58:20.456000+00:00
271,272,b3882da0-391f-4f43-a5a0-c91b38d0eb52,2023-07-01,Aereoporto elena,6.0,10:00:00,Tartarughe express,It's all good,7.0,00:00:00,2024-03-22 15:47:23.236000+01:00,2024-07-22 22:58:25.188000+00:00
95,96,d8db63e7-baee-4dd8-9789-2fa2b730e09b,2023-07-02,Che nanne,9.0,12:00:00,Gommone,Riprendere l'ande sul lavoro,7.0,01:30:00,2024-03-22 15:47:18.350000+01:00,2024-07-22 22:58:20.474000+00:00
272,273,58371f23-46a9-4f34-b2b5-81b379aef8a7,2023-07-03,"Che fatica, non dovevamo mangiare cos√¨ tanto",7.0,09:30:00,I've put myself of track,Fuck devo cambiare lavoro,4.0,02:00:00,2024-03-22 15:47:23.253000+01:00,2024-07-22 22:58:25.215000+00:00
428,429,ce23ed69-0862-4264-bcf3-911a33364edb,2023-07-04,Demoralised,5.0,11:00:00,Meditare con lo psicologo √® stato molto piacevole,Cercare di prendere questa cosa del cambio di lavoro con propositivit√†,7.0,02:30:00,2024-03-22 15:47:23.274000+01:00,2024-07-22 22:58:28.898000+00:00
429,430,58e0b641-513c-4488-be3e-164999ed5775,2023-07-05,Dai alla fine la prospettiva di cambiare lavoro potrebbe essere un'opportunit√†,9.0,10:00:00,"Conosciuto nuovi amici, sono stato bravo a socializzare",Devo iniziare a mettermi sotto e pianificare come finire velocemente questa universit√†,7.0,02:10:00,2024-03-22 15:47:23.296000+01:00,2024-07-22 22:58:28.922000+00:00
418,419,d6da18ce-aab1-48b3-a2a6-b3d7154ba34e,2023-07-06,Se non lo smetto di svegliarmi cos√¨ tardi diventer√† un problema,7.0,11:15:00,"Worked very good, created some fine-tuned GPT","Non andare a letto alle 5, anche se mi sono divertito",8.0,05:00:00,2024-03-22 15:47:18.388000+01:00,2024-07-22 22:58:28.667000+00:00
323,323,2a419dab-3585-45b8-9863-edc98ac756c4,2023-07-07,"Nonostante aver dormito pochissimo, sono abbastanza riposato",8.0,11:15:00,Fine-tuned and worked with GPT alot,Il senso della vita mi elude,6.0,04:00:00,2024-03-22 15:47:23.315000+01:00,2024-07-22 22:58:26.446000+00:00
96,97,c0940932-16be-46e6-a609-6246718f59ef,2023-07-08,Oggi fa un caldo da stare male,5.0,12:10:00,Visto tante serie belle,Non ho fatto nulla,5.0,03:00:00,2024-03-22 15:47:18.434000+01:00,2024-07-22 22:58:20.492000+00:00
97,98,f9eee532-2a56-4fd7-89ff-cdec1b9b89f6,2023-07-09,Drugs,6.0,12:30:00,Pomeriggio veramente chill con Matte,Non sono contento della mia vita,7.0,03:00:00,2024-03-22 15:47:18.463000+01:00,2024-07-22 22:58:20.512000+00:00
275,276,08fd6d1f-75e4-4ae3-913c-dad285d41980,2023-07-10,"Mamma mia che stronzo che sono ad alzarmi cos√¨ tardi, non sono mai abbastanza riposato per mettermi a lavorare",4.0,11:30:00,Not much,Ho fatto again le 6,5.0,06:00:00,2024-03-22 15:47:23.334000+01:00,2024-07-22 22:58:25.298000+00:00
276,277,ec21c395-ac8c-462d-bf6c-3fa0d762c4e9,2023-07-11,I'm super tired da queste tirate notturne,3.0,11:15:00,I worked very good,Relazione con Elena,7.0,02:30:00,2024-03-22 15:47:23.352000+01:00,2024-07-22 22:58:25.324000+00:00
98,99,6d384ff7-03d4-4f16-90d2-87059858bda9,2023-07-12,Avrei dormito altri 10 anni altro ch√©,6.0,11:00:00,Compleanno vittorio,Boh,6.0,02:00:00,2024-03-22 15:47:18.486000+01:00,2024-07-22 22:58:20.536000+00:00
99,100,baf175a4-66ad-4094-bbea-689cd7f873f9,2023-07-13,Boh,6.0,12:30:00,Barga piazzette,Fumare meno,8.0,02:30:00,2024-03-22 15:47:18.529000+01:00,2024-07-22 22:58:20.555000+00:00
277,278,398481e1-ed5b-4e21-b740-d66f9f6e9b93,2023-07-14,Son sfatto,4.0,13:00:00,Rimasto a Barga,Relazione con elena,5.0,02:30:00,2024-03-22 15:47:23.376000+01:00,2024-07-22 22:58:25.348000+00:00
100,101,55d54b57-0f24-4102-9ee8-7907356d2b0c,2023-07-15,Che vita,8.0,13:00:00,Tornato a Livorno a soffrire da solo,Dovrei andare ad iscrivermi in palestra,5.0,04:30:00,2024-03-22 15:47:18.580000+01:00,2024-07-22 22:58:20.579000+00:00
278,279,e8e2f117-006a-4f5c-9d45-ed81f9db1808,2023-07-16,"Continuo a svegliarmi cos√¨ tardi, ma del resto non ho nulla da fare",8.0,14:00:00,Nothing,Non ho dormito,4.0,00:00:00,2024-03-22 15:47:23.398000+01:00,2024-07-22 22:58:25.373000+00:00
101,102,cd6db73c-c3a7-4902-894a-a4c0350ed6f2,2023-07-17,Non ho dormito,6.0,00:00:00,Re-started working,:(,8.0,00:00:00,2024-03-22 15:47:18.625000+01:00,2024-07-22 22:58:20.599000+00:00
279,280,d231ac96-e377-4957-900f-00cf4a22d6db,2023-07-18,Ho dormito 12 ore wow,10.0,11:15:00,Shogun 2,Most of my life,6.0,04:00:00,2024-03-22 15:47:23.420000+01:00,2024-07-22 22:58:25.401000+00:00
102,103,3ca6895e-cbc6-4af5-ad7d-9a2bd447d26b,2023-07-19,Sono distrutto,5.0,11:25:00,Iscritto al corso IBM Machine Learning,Andare a letto prima :(,7.0,04:00:00,2024-03-22 15:47:18.665000+01:00,2024-07-22 22:58:20.616000+00:00
280,281,60866f2e-b02f-4493-b64d-486b3eaa7ed3,2023-07-20,"Another day, same make up same face",6.0,11:20:00,Rankings Meeting and Codebase,Distruggere il Sole,7.0,03:00:00,2024-03-22 15:47:23.444000+01:00,2024-07-22 22:58:25.429000+00:00
103,104,6d230013-9144-4430-a5b9-311d02fdd9e5,2023-07-21,Im ded,3.0,11:20:00,Nulla,Tutto,4.0,04:30:00,2024-03-22 15:47:18.709000+01:00,2024-07-22 22:58:20.634000+00:00
281,282,01baf839-b400-4270-910d-0ce423c56461,2023-07-22,Voglio mor√¨,1.0,13:00:00,Ziplines al canyon park,Svegliarsi prima,8.0,01:30:00,2024-03-22 15:47:23.467000+01:00,2024-07-22 22:58:25.460000+00:00
104,105,abe41ab9-6eab-449a-a2b2-010a4600213d,2023-07-23,Rattrappito,8.0,11:15:00,Pranzo di famiglia,Svegliarsi prima,7.0,03:00:00,2024-03-22 15:47:18.752000+01:00,2024-07-22 22:58:20.649000+00:00
105,106,5af0a28e-1ac2-4c02-916e-e6d426c0ace6,2023-07-24,Dai tutti okei,7.0,10:45:00,Lavorato / Studiato,Cos√¨ va bene,8.0,02:00:00,2024-03-22 15:47:18.810000+01:00,2024-07-22 22:58:20.663000+00:00
282,283,b1f720e4-0e03-4f79-bda5-6521dd2999df,2023-07-25,Dormirei all'infinito,8.0,11:07:00,Compleanno di Alessandro,Ubriacone,9.0,01:45:00,2024-03-22 15:47:23.488000+01:00,2024-07-22 22:58:25.489000+00:00
106,107,201ae9d3-4df2-4022-a6c7-11f5968b0ef8,2023-07-26,Cazzarola volare,6.0,06:45:00,Arrivedi in London,Check the cigarettes,6.0,00:00:00,2024-03-22 15:47:18.852000+01:00,2024-07-22 22:58:20.679000+00:00
283,284,64d00cc8-a5a8-4807-aca3-9d9811956622,2023-07-27,Let's go hackathon,9.0,08:45:00,Hackathon Captain,Non ho il pigiama,9.0,01:00:00,2024-03-22 15:47:23.510000+01:00,2024-07-22 22:58:25.517000+00:00
107,108,c5b79200-bab0-41df-9379-d5a34c75f2b4,2023-07-28,Hackathon part.2,8.0,08:45:00,Superhackathon,Vorrei avere il pigiama,9.0,02:00:00,2024-03-22 15:47:18.891000+01:00,2024-07-22 22:58:20.699000+00:00
284,285,c3780d3a-47bd-44b2-b978-65da21ce5528,2023-07-29,Brunchs,8.0,11:00:00,Baldurs gate 3,???,7.0,05:00:00,2024-03-22 15:47:23.531000+01:00,2024-07-22 22:58:25.545000+00:00
108,109,193a1065-846d-4ee8-aec8-169bb0cb470e,2023-07-30,Dormito sul pavimento,4.0,13:30:00,Baldur's Gate looks amazing,Quando torno devo andare in palestra,7.0,00:00:00,2024-03-22 15:47:18.935000+01:00,2024-07-22 22:58:20.715000+00:00
285,286,3a79479a-45d9-4df9-b8f7-cfe3afdc9bee,2023-07-31,Last day in London,8.0,08:45:00,Arrivato a casa,Cambiare questa casa,7.0,03:50:00,2024-03-22 15:47:23.553000+01:00,2024-07-22 22:58:25.571000+00:00
109,110,5a857ab0-bfef-42c3-8ab7-8ac64e0644f2,2023-08-01,Casa dolce casa,7.0,11:15:00,Spesa & Lavoro,boh,8.0,02:30:00,2024-03-22 15:47:18.983000+01:00,2024-07-22 22:58:20.731000+00:00
286,287,8fe66063-3581-43db-b64b-647882ec09e8,2023-08-02,Devo alzarmi in orario,6.0,10:50:00,Work & Barbie,Decidere di dormire prima,7.0,03:50:00,2024-03-22 15:47:23.577000+01:00,2024-07-22 22:58:25.595000+00:00
110,111,50451728-505c-4a0a-874d-fa1125386f34,2023-08-03,"Son sfatto, Elena non mi ha fatto dormire",5.0,10:30:00,Started my BaldursGate Campaign,Ho fatto tardissimo,7.0,04:40:00,2024-03-22 15:47:19.026000+01:00,2024-07-22 22:58:20.746000+00:00
287,288,17c749db-0540-40d7-a8ca-2dc7611a6a52,2023-08-04,Las day,6.0,11:15:00,boh,boh,7.0,03:00:00,2024-03-22 15:47:23.600000+01:00,2024-07-22 22:58:25.619000+00:00
111,112,fcbae88d-ff4a-4880-8e56-ae354b45571e,2023-08-05,Morto,3.0,13:30:00,Cena bella a pitucawine,Spendere meno,7.0,02:30:00,2024-03-22 15:47:19.051000+01:00,2024-07-22 22:58:20.763000+00:00
288,289,e2ef4f2b-4f31-4b05-8506-88a12ad2dc86,2023-08-06,Verso l avventura,8.0,12:00:00,Antro del Corchia e Campocecina,Nothing,10.0,00:00:00,2024-03-22 15:47:23.622000+01:00,2024-07-22 22:58:25.644000+00:00
289,290,d8c5d2b0-80a0-4ce9-b5d4-878054bf38a9,2023-08-07,Tenda dura,8.0,10:00:00,"Mi sono svegliato in un posto incredibile con la mia micia, abbiamo fatto colazione al rifugio e fatto finta di essere degli Hobbit mangiando lamponi. Ho cucinato del sushi da mangiare domani al mare. Ho giocato a BG3.",Non smaniare per BG3.,9.0,01:00:00,2024-03-22 15:47:23.642000+01:00,2024-07-22 22:58:25.673000+00:00
112,113,c24dbc8b-aa0f-4e9f-9f44-f1f60b0c286b,2023-08-08,Un altro giorno di avventura,6.0,10:30:00,Super lago verde,Nulla,10.0,00:00:00,2024-03-22 15:47:19.085000+01:00,2024-07-22 22:58:20.783000+00:00
113,114,2ccc2ab0-9352-4c35-97a7-fa607b7db0d2,2023-08-09,Che freschino,8.0,12:00:00,Argentario matto e camping in spiaggia,Fumare meno,10.0,05:10:00,2024-03-22 15:47:19.123000+01:00,2024-07-22 22:58:20.800000+00:00
290,291,823fe348-08b6-4d20-90b6-e189341725dd,2023-08-10,Svegliato in una tenda in spiaggia,3.0,10:30:00,Woke up at talamone,Be chiller,9.0,01:00:00,2024-03-22 15:47:23.662000+01:00,2024-07-22 22:58:25.698000+00:00
419,420,1dc089e4-0e2c-464b-96c4-cf390dbfec5c,2023-08-11,Mettere un po' a posto camera,8.0,11:00:00,Baldurs Frens,Boia ho fatto tardissimo,7.0,04:30:00,2024-03-22 15:47:19.166000+01:00,2024-07-22 22:58:28.690000+00:00
291,292,fb09f4be-4918-4a21-bf1b-17de7eba3221,2023-08-12,"Rimettiamoci a ""lavorare""",5.0,12:30:00,I'm in Baldurs Gate,Andare a letto prima?,7.0,04:39:00,2024-03-22 15:47:23.683000+01:00,2024-07-22 22:58:25.722000+00:00
170,171,761f42d1-6041-4bec-90f7-658b9134883e,2023-08-13,deh cos√¨ per√≤ √® distruttivo,5.0,14:00:00,Another Baldur's Day,Porca puttana,6.0,03:40:00,2024-03-22 15:47:19.212000+01:00,2024-07-22 22:58:21.898000+00:00
292,293,7112ee51-a8d9-4f45-9ca5-be77d41fec7b,2023-08-14,Che distruzione totale. Non so perch√© fisicamente sono cos√¨ distrutto,3.0,11:15:00,Restarted working,Andare a nanna prima,6.0,04:30:00,2024-03-22 15:47:23.704000+01:00,2024-07-22 22:58:25.750000+00:00
115,116,6fe3b473-d70e-49bc-a0d9-77cf655dd344,2023-08-15,Foca monaca,4.0,10:30:00,CodeCodeCode,Non andare a letto alle 6,7.0,05:00:00,2024-03-22 15:47:19.253000+01:00,2024-07-22 22:58:20.831000+00:00
293,294,7b97b41b-54c7-4e17-bd92-17e18ab49635,2023-08-16,porcodio stavo per non presentarmi al lavoro perch√© non mi svegliavo,4.0,11:25:00,Uscita social con Giuse e Mario,Non bere cos√¨ tanto,7.0,03:30:00,2024-03-22 15:47:23.728000+01:00,2024-07-22 22:58:25.776000+00:00
116,117,d261a5aa-f7a2-416d-99b4-af585b7728bc,2023-08-17,Jezuz che mal di testa,5.0,10:20:00,nanna presto,pulire la stanza che fa schifo,8.0,00:00:00,2024-03-22 15:47:19.292000+01:00,2024-07-22 22:58:20.848000+00:00
294,295,cd8c01c2-efec-4d55-8012-7dfcdaff901b,2023-08-18,finally sono riuscito a dormire presto,8.0,10:00:00,Super Worker,Andare a nanna prima,9.0,05:20:00,2024-03-22 15:47:23.752000+01:00,2024-07-22 22:58:25.801000+00:00
117,118,186d36f5-55fe-4095-b6f1-67c3dc6529d8,2023-08-19,uschkatosh,4.0,14:00:00,Factorio con Pap√†,Caldo di merda,8.0,05:30:00,2024-03-22 15:47:19.329000+01:00,2024-07-22 22:58:20.864000+00:00
295,296,135d2ae8-c6b1-4629-99bc-4e1a95f8df29,2023-08-20,Che nottata di merada,5.0,13:30:00,DayZ,vabb√® lasciamo stare,8.0,06:20:00,2024-03-22 15:47:23.823000+01:00,2024-07-22 22:58:25.826000+00:00
118,119,3d2691e3-2a28-436c-94cc-c96c7a4ae3cc,2023-08-21,CHe stronzo che sono,2.0,11:25:00,Survived,Lavorare anzich√© dormire,5.0,00:00:00,2024-03-22 15:47:19.365000+01:00,2024-07-22 22:58:20.880000+00:00
296,297,965d94e7-dccd-4da6-bb97-c833d94e64eb,2023-08-22,Ho dormito 11 ore,7.0,11:25:00,"""Lavoro"" & Psicologo",Andato a letto tardi,6.0,04:45:00,2024-03-22 15:47:23.851000+01:00,2024-07-22 22:58:25.848000+00:00
119,120,70da5c60-2ae1-46bd-ae4a-3f17fdf6838a,2023-08-23,Uff,6.0,11:20:00,Not much,Not much+,6.0,06:00:00,2024-03-22 15:47:19.402000+01:00,2024-07-22 22:58:20.895000+00:00
120,121,fb2ebe56-e322-4f8e-a183-c5b3a2216baa,2023-08-24,Moio,1.0,11:25:00,"Worked, but no much",Non andare a letto mai,6.0,04:20:00,2024-03-22 15:47:19.448000+01:00,2024-07-22 22:58:20.909000+00:00
297,298,11259795-87bf-4536-bb6f-5a0efcad0e01,2023-08-25,I don't know what's gonna happen in the next two weeks,6.0,12:10:00,Worked & Relaxed,My life is in shambles,6.0,00:00:00,2024-03-22 15:47:23.879000+01:00,2024-07-22 22:58:25.871000+00:00
121,122,819c4f85-89bf-4d33-bba6-f2ce0ef71d9a,2023-08-26,Ho dormito 13 ore,7.0,12:20:00,Survived in DayZ,Non fare le 7,7.0,07:00:00,2024-03-22 15:47:19.479000+01:00,2024-07-22 22:58:20.926000+00:00
298,299,0b3b1cb4-f3eb-4b18-bfd7-1362630f05ed,2023-08-27,Fanculo,4.0,14:50:00,Montescudaio,I drank a lot,8.0,03:30:00,2024-03-22 15:47:23.905000+01:00,2024-07-22 22:58:25.891000+00:00
122,123,9005fb5c-5461-4f12-91e6-eb468c120996,2023-08-28,Che freschino finally,8.0,15:00:00,Nada,Gioco troppo,7.0,04:30:00,2024-03-22 15:47:19.512000+01:00,2024-07-22 22:58:20.944000+00:00
299,300,473f21c5-cc66-405e-86f2-733327bc2ebf,2023-08-29,Che bello dormire col fresco,9.0,11:15:00,Arrivata Elena,Voglia di Vivere,7.0,00:00:00,2024-03-22 15:47:23.931000+01:00,2024-07-22 22:58:25.916000+00:00
123,124,d8a9b86e-da4a-4b74-8d16-ddaa2e6281ce,2023-08-30,Bello riposato,10.0,10:45:00,Bella giornata con Elena,Nulla,8.0,00:00:00,2024-03-22 15:47:19.543000+01:00,2024-07-22 22:58:20.962000+00:00
300,301,55c24ec9-125f-440b-b411-c96133e558dc,2023-08-31,Super mega riposato,10.0,10:30:00,Fine-Tuned gpt 3.5,Iniziare ad allenarmi prima che mi ceda la schiena,9.0,00:30:00,2024-03-22 15:47:23.956000+01:00,2024-07-22 22:58:25.939000+00:00
124,125,e49eec6e-c712-42ed-b459-f846e60e2e70,2023-09-01,Ho un mal di schiena preoccupante,10.0,10:30:00,Cena a Firenze con Beppo,Fumare Meno,9.0,03:40:00,2024-03-22 15:47:19.573000+01:00,2024-07-22 22:58:20.977000+00:00
125,126,3f122fa5-0f63-4a37-99a5-64b13a5bbd89,2023-09-02,Che faticaa,3.0,12:30:00,Gommone in Meloria,Fumare meno,7.0,00:30:00,2024-03-22 15:47:19.598000+01:00,2024-07-22 22:58:20.996000+00:00
301,302,caa12157-b7eb-4fb2-a127-c031a4718a29,2023-09-03,Molto stanco,6.0,12:30:00,Nice day with elena,Nanna prima?,7.0,02:30:00,2024-03-22 15:47:23.978000+01:00,2024-07-22 22:58:25.964000+00:00
126,127,427e04c3-33bf-49ac-a406-71c9e9b122b6,2023-09-04,Mao,7.0,11:16:00,Studiato nonostante la noia pi√π totale,Andare a letto prima,6.0,05:30:00,2024-03-22 15:47:19.626000+01:00,2024-07-22 22:58:21.009000+00:00
302,303,73827b57-ed34-48df-9202-fdd8249a86d9,2023-09-05,Feels like I got punched in the eye,5.0,11:20:00,Lavorato Studiato e Programmato,It's okay,7.0,01:50:00,2024-03-22 15:47:24.004000+01:00,2024-07-22 22:58:25.990000+00:00
127,128,570605d7-6cba-4458-9b79-57a390cee869,2023-09-06,lets go,5.0,11:15:00,Stefano Manager,Broken Drunk,8.0,03:10:00,2024-03-22 15:47:19.659000+01:00,2024-07-22 22:58:21.024000+00:00
303,304,a4b41599-8600-46ab-b7d8-78a6e2790d12,2023-09-07,Oh no im broken,2.0,11:30:00,Nice working dayz,Bere/fumare ancora meno,8.0,03:00:00,2024-03-22 15:47:24.033000+01:00,2024-07-22 22:58:26.012000+00:00
128,129,085872d2-3f39-438e-8597-c7ceea92d366,2023-09-08,Sempre sul filo del rasoio eh,7.0,11:20:00,SassettaTerme,Sleep,9.0,12:00:00,2024-03-22 15:47:19.693000+01:00,2024-07-22 22:58:21.043000+00:00
129,130,0790ca4a-8b4a-4d3b-92a1-75e50c265b50,2023-09-09,Dios mios,5.0,19:00:00,Slept,Sleep,8.0,00:00:00,2024-03-22 15:47:19.729000+01:00,2024-07-22 22:58:21.058000+00:00
304,305,065d8504-9a1b-41e1-b525-03ede6cb0b68,2023-09-10,Sleep x2,8.0,10:30:00,Chill home,Letto prima,7.0,04:30:00,2024-03-22 15:47:24.062000+01:00,2024-07-22 22:58:26.036000+00:00
420,421,db47725e-7eb2-4a35-b445-b0e3252df932,2023-09-11,A new working day arises,8.0,11:20:00,Social and DayZ gamin,non fare le 7 di mattino,8.0,06:50:00,2024-03-22 15:47:19.763000+01:00,2024-07-22 22:58:28.716000+00:00
305,306,ad022019-0c45-4f7c-95ff-af83f0f0c193,2023-09-12,Broken idiot man,1.0,11:28:00,Visto la mia micia,Lavorare,7.0,00:00:00,2024-03-22 15:47:24.096000+01:00,2024-07-22 22:58:26.059000+00:00
130,131,4089a4c0-73d6-4c89-9f59-e1cac800e3f0,2023-09-13,Miciamao,9.0,09:30:00,IntelligenceDB commits,Andare a letto prima,8.0,04:00:00,2024-03-22 15:47:19.794000+01:00,2024-07-22 22:58:21.074000+00:00
306,307,aa6fa59a-2368-4936-91fc-d7a4ccc0a1b3,2023-09-14,Sempre late,3.0,11:29:00,Che merda di giornata,tutto,3.0,04:00:00,2024-03-22 15:47:24.126000+01:00,2024-07-22 22:58:26.082000+00:00
131,132,95c784d8-dc2d-4845-ab89-73933f6d3e34,2023-09-15,Last day,5.0,11:28:00,Bella serata a lucca,Bere meno,7.0,04:00:00,2024-03-22 15:47:19.831000+01:00,2024-07-22 22:58:21.095000+00:00
307,308,3676c3c9-48e3-4021-9895-e90e75e5af43,2023-09-16,Bargafesta,8.0,12:48:00,CompleanniBarga,Mm,7.0,02:00:00,2024-03-22 15:47:24.160000+01:00,2024-07-22 22:58:26.107000+00:00
132,133,92940df5-253e-40ed-a4c6-9e0885d20e53,2023-09-17,Elena mi fa la partaccia perch√© mi sveglio tardi,10.0,12:40:00,Talks with Elena,Fumare meno,8.0,02:30:00,2024-03-22 15:47:19.866000+01:00,2024-07-22 22:58:21.114000+00:00
308,309,c420af26-fdab-4a97-a8f8-06ed94e0961b,2023-09-18,Rested,9.0,10:20:00,Worked quite good,Trovare un modo di andare a letto prima,6.0,02:30:00,2024-03-22 15:47:24.191000+01:00,2024-07-22 22:58:26.130000+00:00
133,134,ea50851e-5176-426b-b564-fe568c76e5df,2023-09-19,Elena mi vuole mandare in palestra ma non saprei quando,8.0,10:20:00,OTW script,Andare a letto prima,7.0,05:10:00,2024-03-22 15:47:19.895000+01:00,2024-07-22 22:58:21.134000+00:00
309,310,ee2a650c-457c-4836-983e-f849521d8f19,2023-09-20,Le ferie sono magnifiche,7.0,13:00:00,"Rilassato, spesa, psicologo, no work",Andare a letto prima e svegliarmi prima,8.0,05:10:00,2024-03-22 15:47:24.218000+01:00,2024-07-22 22:58:26.153000+00:00
311,311,a0e82815-9ddc-4ba3-9685-a6983e1a6d94,2023-09-21,"Come on, non posso bruciarmi sempre la mattina",7.0,13:48:00,Studiato 5 ore,√® impossibile dormire,8.0,05:30:00,2024-03-22 15:47:24.249000+01:00,2024-07-22 22:58:26.177000+00:00
134,135,6ef77839-c868-4052-bb8a-c6b79d495bde,2023-09-22,Che bella pioggia,8.0,10:45:00,Nulla,Tutto,4.0,02:50:00,2024-03-22 15:47:19.925000+01:00,2024-07-22 22:58:21.151000+00:00
312,312,ae046d33-1260-4a9e-a9be-0ba000e9cf0c,2023-09-23,"Che ""mattinata"" di merda",10.0,14:38:00,Objectives Table,addormentarsi prima,9.0,02:30:00,2024-03-22 15:47:24.271000+01:00,2024-07-22 22:58:26.199000+00:00
137,138,c4364963-eaa7-425a-853b-566588a1e4f7,2023-09-24,Good try,8.0,10:30:00,Obsidian tables,letto prima,8.0,04:30:00,2024-03-22 15:47:20.004000+01:00,2024-07-22 22:58:21.202000+00:00
313,313,e868683c-dd68-4483-92b8-b3a0573b3217,2023-09-25,Non ho pi√π voglia di lavorare,7.0,10:45:00,Worked,Andare a letto prima,6.0,06:40:00,2024-03-22 15:47:24.300000+01:00,2024-07-22 22:58:26.224000+00:00
138,139,2c4f9e8b-8ebc-4cc8-af80-333b4558b05b,2023-09-26,Jezuz,9.0,14:00:00,React,Study .-.,7.0,04:00:00,2024-03-22 15:47:20.029000+01:00,2024-07-22 22:58:21.218000+00:00
314,314,bb822791-ed9b-4172-9510-8764868199dd,2023-09-27,Che palle,9.0,13:00:00,Went to pisa to do exam,Less stress,8.0,00:00:00,2024-03-22 15:47:24.330000+01:00,2024-07-22 22:58:26.245000+00:00
139,140,19f4ea45-7538-4787-a0fa-0d46b3209c50,2023-09-28,Exam day,9.0,08:00:00,Sono andato a fare l'esame malgrado tutto,Mollare l'universit√†,6.0,04:30:00,2024-03-22 15:47:20.052000+01:00,2024-07-22 22:58:21.237000+00:00
315,315,caab0d7f-fa35-4eae-b325-777fef193fb0,2023-09-29,Wow non sento pi√π le sveglie in toto,10.0,14:10:00,Reactive app,Boh,8.0,02:53:00,2024-03-22 15:47:24.360000+01:00,2024-07-22 22:58:26.265000+00:00
140,141,f62763cb-f118-4885-a96b-786c6e1a2de4,2023-09-30,Che nanna,10.0,12:39:00,Pulito camera insieme ad Elena e risistemato il suo obsidian,Va tutto bene,9.0,02:00:00,2024-03-22 15:47:20.079000+01:00,2024-07-22 22:58:21.252000+00:00
316,316,64c83d96-44a0-42b0-ab1e-4f2181b5a0c1,2023-10-01,Che bella dormita,10.0,12:10:00,Bella giornata con la mia micia and Obsidian Quarter Script,Fumare decisamente meno ed essere un po' meno smanioso tweaking,9.0,06:30:00,2024-03-22 15:47:24.382000+01:00,2024-07-22 22:58:26.288000+00:00
317,317,3197270e-ea7f-4a26-9114-288370630e0b,2023-10-02,PorcoIddio non posso fare cos√¨ tardi the first day on the job,5.0,11:10:00,Lavoro con Furore e React app,Letto prima,8.0,04:44:00,2024-03-22 15:47:24.410000+01:00,2024-07-22 22:58:26.311000+00:00
141,142,de74bed5-74fc-40c8-a45f-80d468993055,2023-10-03,Ouf,6.0,11:20:00,Worked SO much,nanna prima al solito jesus,6.0,04:40:00,2024-03-22 15:47:20.105000+01:00,2024-07-22 22:58:21.273000+00:00
142,143,418816a9-483c-49c6-92a3-c55e4ab6800c,2023-10-04,:(,3.0,11:23:00,Worked a bunch,Sleep sooner,7.0,04:30:00,2024-03-22 15:47:20.129000+01:00,2024-07-22 22:58:21.289000+00:00
318,318,cb74303d-461b-4abc-bf74-8893acec7127,2023-10-05,Okay,8.0,11:25:00,Imparato a fare bene le migration e gestire le tables su postgreSql and servers,Fumare meno ed essere meno nervoso,9.0,03:00:00,2024-03-22 15:47:24.430000+01:00,2024-07-22 22:58:26.332000+00:00
143,144,272d4510-093b-4559-870e-d017a22fbd09,2023-10-06,,7.0,11:20:00,Festa saluto Elisabeth,Black out drunk once again,9.0,05:40:00,2024-03-22 15:47:20.151000+01:00,2024-07-22 22:58:21.305000+00:00
144,145,3b2c3a66-7d14-4acb-ac26-7bb0e84e876d,2023-10-07,Forgot my phone,4.0,13:00:00,Lucca with elena,Almost shat myself,7.0,01:00:00,2024-03-22 15:47:20.177000+01:00,2024-07-22 22:58:21.324000+00:00
319,319,145ca015-e13b-4bdd-8d33-2b83bc21cef3,2023-10-08,Wow che dormita incredibile,10.0,08:00:00,10 ore di javascript,Anadare a letto prima,8.0,05:50:00,2024-03-22 15:47:24.461000+01:00,2024-07-22 22:58:26.353000+00:00
145,146,e01f4e75-a983-4061-8a83-463ec98877f9,2023-10-09,Broken tired,6.0,11:28:00,non me lo ricordo,non me lo ricordo,7.0,03:30:00,2024-03-22 15:47:20.199000+01:00,2024-07-22 22:58:21.339000+00:00
320,320,e0ddd678-0c4b-41cd-abaa-1dcb97cfb233,2023-10-10,Sogno codice,7.0,11:28:00,Nice projects going on,Most of it,8.0,05:30:00,2024-03-22 15:47:24.486000+01:00,2024-07-22 22:58:26.375000+00:00
146,147,b5726f02-76af-437b-9216-c4b7d9a80488,2023-10-11,boh,6.0,11:28:00,Code commenting methodology,Sempre al solito letto prima,7.0,04:40:00,2024-03-22 15:47:20.224000+01:00,2024-07-22 22:58:21.358000+00:00
321,321,7cda736e-f863-407b-860b-1e8898373d0f,2023-10-12,un minuto pi√π tardi ogni giorno,7.0,11:30:00,worklife,fumo tanto,7.0,02:10:00,2024-03-22 15:47:24.512000+01:00,2024-07-22 22:58:26.398000+00:00
322,322,6229e4ca-78c2-4087-9d47-364466384da7,2023-10-13,"I've finally done it, I overslept on the day that nick announced his paternity leave",10.0,11:45:00,sono riuscito a sopravvivere a questa giornata impossibile,non lasciare i fari della macchina accesi,7.0,04:00:00,2024-03-22 15:47:24.535000+01:00,2024-07-22 22:58:26.423000+00:00
147,148,a807933c-167d-4742-bde2-ae15f436e477,2023-10-14,Marunna che nanna,10.0,14:10:00,Progress on my app,nanna primaaaaaaaaaaaaa,9.0,05:10:00,2024-03-22 15:47:20.248000+01:00,2024-07-22 22:58:21.381000+00:00
148,149,5d9a226c-da6b-433a-aaf1-cd5794532b59,2023-10-15,Elena √® sfavata coi suoi,7.0,13:30:00,Minded my own business,Dormire prima,6.0,04:30:00,2024-03-22 15:47:20.268000+01:00,2024-07-22 22:58:21.406000+00:00
430,431,fca7da72-f0bb-4a18-8777-4680a646b9fe,2023-10-16,Stanchin,6.0,10:30:00,Sembra che il lavoro continui felicemente,Non mangiare i baiocchi a letto prima di dormire,9.0,03:55:00,2024-03-22 15:47:24.558000+01:00,2024-07-22 22:58:28.945000+00:00
149,150,1b6ce7d7-70e7-44ea-84ae-85d57b94a4ca,2023-10-17,Its okay,7.0,11:15:00,Finito il lavoro sulla Company generation,Sono le 4.31 cazzopalle,8.0,05:00:00,2024-03-22 15:47:20.289000+01:00,2024-07-22 22:58:21.435000+00:00
378,379,4de3d8a3-7d30-42b0-9fa6-057c9e569ffc,2023-10-18,Fok,6.0,11:29:00,YOLO merges,Tutto quite good,9.0,01:00:00,2024-03-22 15:47:24.580000+01:00,2024-07-22 22:58:27.756000+00:00
150,151,6678327e-a087-4147-ac02-fa7ff589e854,2023-10-19,Super nanna con la micia,10.0,10:20:00,Databricks progresses,Potato si lamenta sempre,8.0,04:00:00,2024-03-22 15:47:20.311000+01:00,2024-07-22 22:58:21.462000+00:00
324,324,affda477-adcc-464a-b27b-3190a0d6e927,2023-10-20,Super sonno,6.0,11:20:00,Coca e Pisa,Coca e Pisa,10.0,05:00:00,2024-03-22 15:47:24.606000+01:00,2024-07-22 22:58:26.469000+00:00
151,152,592715a1-00aa-45c0-8c3a-1b4f93402c64,2023-10-21,Pisa Life,9.0,12:30:00,Nanna super presto,Trovare cose da fare con Elena,7.0,00:00:00,2024-03-22 15:47:20.330000+01:00,2024-07-22 22:58:21.484000+00:00
325,325,2d1527c8-6415-47eb-b9e9-594527dc7fc3,2023-10-22,Mai dormito cos√¨ tanto,10.0,09:40:00,Progressi con l'app,Andare a letto prima :/,7.0,04:00:00,2024-03-22 15:47:24.625000+01:00,2024-07-22 22:58:26.491000+00:00
152,153,7f561174-3069-40d0-b920-79a4fedd9cc5,2023-10-23,Che sonno :(,5.0,11:15:00,Progress con app e INSCRYPTION,ho fatto le 6,7.0,06:00:00,2024-03-22 15:47:20.351000+01:00,2024-07-22 22:58:21.508000+00:00
326,326,02e49444-1bdf-4cf6-89dc-ac4f74e98f10,2023-10-24,Broken,2.0,11:25:00,Parlato con vittorio,Solito ubriacone casinista,8.0,00:00:00,2024-03-22 15:47:24.643000+01:00,2024-07-22 22:58:26.515000+00:00
153,154,6d08ebe8-cc69-4341-af34-9bed59996cd8,2023-10-25,Fuck non devo bere tanto a stomaco vuoto :(,5.0,11:25:00,Relaxed in this tiring day,sall good,6.0,04:00:00,2024-03-22 15:47:20.373000+01:00,2024-07-22 22:58:21.528000+00:00
327,327,51cbf589-958a-4070-b15e-1dbdbbf20b9f,2023-10-26,Uops,8.0,11:30:00,Logger,Sono andato a letto tardissimo,8.0,06:40:00,2024-03-22 15:47:24.660000+01:00,2024-07-22 22:58:26.540000+00:00
328,328,29aa9ac1-c55e-4902-8767-346c188e1bbf,2023-10-27,Sto iniziando a lasciare un po' andare obsidian,6.0,11:15:00,Mitesh Databricks Datadogs,Rapporto con Elena,5.0,04:00:00,2024-03-22 15:47:24.681000+01:00,2024-07-22 22:58:26.567000+00:00
154,155,49f6a62e-2a08-4cd5-a622-00b3b019b17b,2023-10-28,Mi sento in colpa ad aver discusso con Elena,10.0,15:15:00,DailyCharts in the app,Elena sembra ancora sconvolta,7.0,05:00:00,2024-03-22 15:47:20.393000+01:00,2024-07-22 22:58:21.549000+00:00
329,329,e7e0913d-d177-4b99-9059-5edf38ed31d1,2023-10-29,Ammazzerei qualcuno,7.0,13:30:00,Finita la settimana lavorativa,Litigato con Elena,6.0,04:30:00,2024-03-22 15:47:24.699000+01:00,2024-07-22 22:58:26.596000+00:00
155,156,0a3c674a-8a29-4cf4-9c41-0ccf313a4ed3,2023-10-30,Che palle aver discusso con Elena,5.0,11:20:00,Risolto le discussioni con Elena,Andare a letto prima,8.0,05:00:00,2024-03-22 15:47:20.412000+01:00,2024-07-22 22:58:21.573000+00:00
330,330,a3daec02-8d74-43f3-b24d-548b0dccffee,2023-10-31,Che fatica dormire cos√¨ poco,6.0,11:25:00,Python JS,I feel a bit dead inside,8.0,01:00:00,2024-03-22 15:47:24.717000+01:00,2024-07-22 22:58:26.624000+00:00
421,422,5949c1d9-f454-4438-b43a-33b80f813547,2023-11-01,Dormito un sacco e bene,10.0,09:30:00,Lavorato sull'app mentre Elena studiava,Sono molto preoccupato per il rapporto,5.0,01:00:00,2024-03-22 15:47:20.431000+01:00,2024-07-22 22:58:28.740000+00:00
331,331,685aca29-db1b-4438-ba06-c5a608c37035,2023-11-02,Sono incazzato come una mina con Sofia,9.0,10:30:00,I think i have some self-reflection and face my fear of the world,Let's start this journey,1.0,03:00:00,2024-03-22 15:47:24.735000+01:00,2024-07-22 22:58:26.649000+00:00
156,157,17bd6a6b-ed80-4170-a658-7ac33342cc8d,2023-11-03,C'√® un vento impossibile,7.0,10:30:00,complemario,dio mio,8.0,06:00:00,2024-03-22 15:47:20.452000+01:00,2024-07-22 22:58:21.591000+00:00
332,332,28d6a8fa-f9d7-4642-bdea-bb3cd853c756,2023-11-04,Ges√π cane,1.0,15:30:00,Nulla,Cambiare casa,2.0,00:00:00,2024-03-22 15:47:24.759000+01:00,2024-07-22 22:58:26.675000+00:00
333,333,43ec95bd-d9f2-4871-9b52-487988fe567a,2023-11-05,Piano di fuga starts,10.0,12:00:00,Ritrovato un po' di calma?,Sono andato a letto tardissimo volendolo,6.0,05:30:00,2024-03-22 15:47:24.779000+01:00,2024-07-22 22:58:26.705000+00:00
157,158,f5b44f7b-9046-4112-bca6-d539135c01f7,2023-11-06,FOCK,4.0,10:00:00,N'altro giorno lavorativo con checco,sto dormendo 4 ore a notte,7.0,04:00:00,2024-03-22 15:47:20.476000+01:00,2024-07-22 22:58:21.611000+00:00
158,159,daa4f6f5-838a-4354-aa5c-2fbaa382bb36,2023-11-07,N'altro giorno lavorativo again,2.0,11:25:00,code code code,code code code,6.0,04:00:00,2024-03-22 15:47:20.496000+01:00,2024-07-22 22:58:21.632000+00:00
334,334,94afc62c-fad8-40b8-8cd0-b0b2fb28803e,2023-11-08,so stanchissimo,3.0,11:20:00,Typescript,Most of it,8.0,04:00:00,2024-03-22 15:47:24.800000+01:00,2024-07-22 22:58:26.729000+00:00
159,160,6202ff9d-d869-4156-8d92-99bd569a404f,2023-11-09,always broken,5.0,11:20:00,Spesa,Faccio troppo tardi,8.0,03:40:00,2024-03-22 15:47:20.517000+01:00,2024-07-22 22:58:21.655000+00:00
335,335,afcc7a49-0dd2-42d1-9ef7-83217c179857,2023-11-10,Mh,6.0,11:32:00,Work scripts working,Fumo troppo,8.0,01:00:00,2024-03-22 15:47:24.819000+01:00,2024-07-22 22:58:26.752000+00:00
160,161,dd5b7658-5fde-4302-ab41-c09644833353,2023-11-11,YEah!,10.0,11:00:00,Allenamento in villa corridi,nothing,9.0,01:30:00,2024-03-22 15:47:20.538000+01:00,2024-07-22 22:58:21.679000+00:00
336,336,4f336ffc-6e8a-48e4-ad09-b4f2fa8cb275,2023-11-12,Muratori,6.0,09:00:00,Good day overall,Boia ho fumato come un turco,8.0,03:30:00,2024-03-22 15:47:24.835000+01:00,2024-07-22 22:58:26.775000+00:00
161,162,b19d9b50-1c56-43b8-83e4-f2de912a5a62,2023-11-13,Letsssss,9.0,11:30:00,Everyday im coding,Dormire di pi√π,8.0,04:30:00,2024-03-22 15:47:20.563000+01:00,2024-07-22 22:58:21.707000+00:00
162,163,000b0f1b-35be-4d4b-9bce-16a92e993251,2023-11-14,Dormirei per anni,8.0,11:25:00,Much work,Le solite cose,8.0,05:00:00,2024-03-22 15:47:20.589000+01:00,2024-07-22 22:58:21.727000+00:00
337,337,e017779f-1a60-42de-9c85-eef10adb0195,2023-11-15,Che figura di merda,8.0,12:25:00,Recuperato e sopravvissuto ad una giornata di merda,Le solite cose,6.0,03:20:00,2024-03-22 15:47:24.853000+01:00,2024-07-22 22:58:26.799000+00:00
163,164,c54c9cd6-61c2-44e1-9dda-4a8d9194a504,2023-11-16,Hanno suonato 15 volte stamattina,7.0,11:30:00,boh,boh,6.0,04:00:00,2024-03-22 15:47:20.616000+01:00,2024-07-22 22:58:21.745000+00:00
338,338,7d4682f7-23b9-45a7-adbb-cce9298b44fa,2023-11-17,Rotto,3.0,11:24:00,Divertito a Pisa,Ho pigreggiato troppo sul lavoro,8.0,01:00:00,2024-03-22 15:47:24.872000+01:00,2024-07-22 22:58:26.820000+00:00
164,165,6a228475-278b-428f-abf6-ba0b6a215a45,2023-11-18,Sono a pisa dioporco,6.0,12:30:00,Progresso on my app,Andare a letto presto e non cacare nessuno mai pi√π,5.0,06:40:00,2024-03-22 15:47:20.649000+01:00,2024-07-22 22:58:21.766000+00:00
454,455,3148d7b0-63f7-446e-92cd-5136b664b2ec,2023-11-19,Io distruggo il computer a quelle teste di cazzo,3.0,14:30:00,Finito il refactoring dei grafici e convertiti in Typescript,Il mio umore ha delle escursioni assurde fra mattina e sera,8.0,00:00:00,2024-03-22 15:47:24.892000+01:00,2024-07-22 22:58:29.442000+00:00
165,166,b9f85079-cbec-41a0-87ba-6980868db9a7,2023-11-20,molto pi√π facile svegliarsi con elena,10.0,08:30:00,Super Refactor,Sleep sooner,4.0,04:00:00,2024-03-22 15:47:20.674000+01:00,2024-07-22 22:58:21.792000+00:00
339,339,c3f86901-861e-4196-a20b-0b62d7316b67,2023-11-21,Abbastanza riposato,8.0,11:20:00,Mood Graphs,Non posso andare a letto alle 6,6.0,06:00:00,2024-03-22 15:47:24.910000+01:00,2024-07-22 22:58:26.841000+00:00
166,167,d7f5e88c-428c-4d0b-b1d1-49c560864679,2023-11-22,0 voglia,4.0,11:30:00,Talked to Marzo,Im an addict,8.0,02:30:00,2024-03-22 15:47:20.697000+01:00,2024-07-22 22:58:21.816000+00:00
340,340,e5c76119-ff42-4f55-a285-50f68ca8fac2,2023-11-23,Fucking life,7.0,11:29:00,Sono andato a letto presto,Fare la spesa,6.0,01:00:00,2024-03-22 15:47:24.929000+01:00,2024-07-22 22:58:26.863000+00:00
167,168,4c4b2916-a123-4fd3-bd42-f2703b468f2e,2023-11-24,Finalmente ho dormito presto,10.0,10:50:00,Moderazione,Mood,9.0,04:20:00,2024-03-22 15:47:20.723000+01:00,2024-07-22 22:58:21.840000+00:00
341,341,330556f1-3648-4e94-925e-22c4462a4b15,2023-11-25,Such love,9.0,13:30:00,Bellissimo Weekend con i miei amici,va tutto bene,9.0,04:00:00,2024-03-22 15:47:24.949000+01:00,2024-07-22 22:58:26.886000+00:00
168,169,cc29f386-df73-4a67-a055-000869df79ef,2023-11-26,Che forza,6.0,11:30:00,Amo Elena,Vorrei viverci insieme,8.0,02:40:00,2024-03-22 15:47:20.748000+01:00,2024-07-22 22:58:21.861000+00:00
342,342,98820ba0-470a-4601-baeb-0970eb9fc26d,2023-11-27,"Riposato, anche se mi devo alzare prima",9.0,11:20:00,Flex job?,Nanna prima,4.0,05:40:00,2024-03-22 15:47:24.972000+01:00,2024-07-22 22:58:26.914000+00:00
169,170,7ed4723e-c7ee-4820-ac51-141c38ab8560,2023-11-28,Meccanico,4.0,10:00:00,Spoke with Jon of Flex,Andare a letto prima,8.0,04:10:00,2024-03-22 15:47:20.771000+01:00,2024-07-22 22:58:21.879000+00:00
422,423,a4e231e6-df09-4375-8295-c8aaea51937e,2023-11-29,Marunna santa,7.0,11:28:00,Styling in the app,saul good,8.0,01:30:00,2024-03-22 15:47:20.798000+01:00,2024-07-22 22:58:28.762000+00:00
343,343,a4df5105-362e-4a34-84e3-03b125ae3e6a,2023-11-30,Riposato,8.0,11:20:00,"Pulito, cucinato etc",Mi devo alzare prima,8.0,03:00:00,2024-03-22 15:47:24.996000+01:00,2024-07-22 22:58:26.938000+00:00
221,222,46cb3142-fe01-4014-8be7-8486e32e3805,2023-12-01,Rischiato,10.0,11:27:00,React Steam,Andare a letto prima,8.0,06:30:00,2024-03-22 15:47:20.824000+01:00,2024-07-22 22:58:23.398000+00:00
344,344,21c1a31e-ba53-428c-8d7e-9367421922a3,2023-12-02,Che coglione,7.0,15:00:00,Bella serata con matte,Non posso andare a letto alle 6,6.0,06:10:00,2024-03-22 15:47:25.017000+01:00,2024-07-22 22:58:26.962000+00:00
171,172,565f9e7a-ea99-4791-b196-8a7a6b0000ce,2023-12-03,La vita √® una merda,4.0,15:10:00,Uscito dai Wajad,Uscito dai Wajad,7.0,00:00:00,2024-03-22 15:47:20.846000+01:00,2024-07-22 22:58:21.920000+00:00
345,345,ce88b2f0-4106-4327-84db-16c61425c5ab,2023-12-04,Molto riposato,10.0,11:20:00,Andato dalla mia micia,Rituale del sonno,7.0,00:00:00,2024-03-22 15:47:25.037000+01:00,2024-07-22 22:58:26.987000+00:00
423,424,fdf104a8-7390-4fca-a8a5-354c65d4f763,2023-12-05,Mi spiace non aver fatto colazione con la mia micia,8.0,09:30:00,SUPER INTERVIEW WITH FLEX,Andare a nanna prima,8.0,04:00:00,2024-03-22 15:47:20.871000+01:00,2024-07-22 22:58:28.787000+00:00
346,346,1707d890-7253-4eba-b121-d9debbd94980,2023-12-06,Super Stanco,5.0,11:28:00,App,"Nanna prima, al solito",8.0,05:20:00,2024-03-22 15:47:25.061000+01:00,2024-07-22 22:58:27.011000+00:00
172,173,402d895f-4289-40b3-aa83-83fe0bab4d75,2023-12-07,Ferie,9.0,14:00:00,"Relaxed, pulito stanza, psicologo",Nanna prima,9.0,03:00:00,2024-03-22 15:47:20.900000+01:00,2024-07-22 22:58:21.940000+00:00
347,347,2593ad57-3608-435b-ac98-25b025c82734,2023-12-08,Mi sveglio troppo tardi,10.0,14:30:00,Comprato frigo fatto spesa,Tutto bene,9.0,00:00:00,2024-03-22 15:47:25.087000+01:00,2024-07-22 22:58:27.035000+00:00
173,174,893819ec-20f0-4cff-ac30-e5052d76a4dc,2023-12-09,Ora sveglio Elena!,10.0,08:00:00,Cena with frens,Fare appuntamenti con elena,8.0,01:00:00,2024-03-22 15:47:20.925000+01:00,2024-07-22 22:58:21.961000+00:00
348,348,da32421d-4400-4afe-8a54-d2bbec70d31e,2023-12-10,Riposatissimi,10.0,10:30:00,Giuse Sito / Electron App,Ho comunque fumato parecchio nonostante fossi con Elena,8.0,01:00:00,2024-03-22 15:47:25.112000+01:00,2024-07-22 22:58:27.059000+00:00
174,175,0ecda96e-fcd5-4e37-ad43-0b47b5d85d12,2023-12-11,Che freddoooooo,9.0,10:20:00,New colloquio incoming,Im afraid,8.0,03:40:00,2024-03-22 15:47:20.952000+01:00,2024-07-22 22:58:21.980000+00:00
349,349,b9e818c8-b5c0-4fe6-a26c-88ee4ff8d735,2023-12-12,Dio merda quanto era bello svegliarsi presto,3.0,11:20:00,Progressi sull'app,Tutto bene,5.0,00:30:00,2024-03-22 15:47:25.140000+01:00,2024-07-22 22:58:27.079000+00:00
175,176,3903711a-8a30-4273-92e2-d6d149095b29,2023-12-13,Bene,9.0,11:10:00,Last day of Work,bho,8.0,04:00:00,2024-03-22 15:47:20.979000+01:00,2024-07-22 22:58:22.001000+00:00
350,350,a9e0c46b-866f-4db9-bb61-09cd6275ff04,2023-12-14,TASK,8.0,12:30:00,PYTHON DATABASEEEEEE,Fare nanna prima,8.0,04:30:00,2024-03-22 15:47:25.169000+01:00,2024-07-22 22:58:27.100000+00:00
176,177,63037c18-0b26-4668-add9-1f3b8d29f875,2023-12-15,LETS GO PYTHON,8.0,12:30:00,Civ Game with Jon & Frens,Boia ho fumato come uno stronzo,8.0,04:40:00,2024-03-22 15:47:21+01:00,2024-07-22 22:58:22.019000+00:00
351,351,b37ce729-80ec-49f9-b4bb-4c9e700fee8b,2023-12-16,Distrutto cazzo,6.0,13:20:00,Bella serata,Ubriacone,9.0,04:40:00,2024-03-22 15:47:25.196000+01:00,2024-07-22 22:58:27.125000+00:00
177,178,2c3096de-7513-4041-a5da-91cb22f6a755,2023-12-17,Morto,2.0,12:15:00,Consegnato il fucking task,Adesso devo mettere sotto controllo il sonno,9.0,06:00:00,2024-03-22 15:47:21.027000+01:00,2024-07-22 22:58:22.039000+00:00
352,352,ed07d1db-c369-41cd-9b26-d10faff321bd,2023-12-18,I needed to rest,8.0,13:20:00,Honor mode,Nanna prima,8.0,05:10:00,2024-03-22 15:47:25.222000+01:00,2024-07-22 22:58:27.151000+00:00
353,353,03354730-f341-47a3-9a3e-1908b35c9169,2023-12-19,"Dai, iniziamo a svegliarci un po' prima",8.0,13:30:00,40 ore di baldurs gate finite per un bug,Risolvere i bug della vita,9.0,02:30:00,2024-03-22 15:47:25.250000+01:00,2024-07-22 22:58:27.173000+00:00
214,215,9285103e-9cad-49ab-bfb6-47b0ae5b8bd7,2023-12-20,Mi ero svegliato prima ma sono rimasto a letto,10.0,13:00:00,Boh,Litigato con Elena,4.0,06:00:00,2024-03-22 15:47:21.909000+01:00,2024-07-22 22:58:23.203000+00:00
215,216,cc67cdc9-6846-4ddd-95fc-f1c2dc75b1dd,2023-12-21,Che palle elena,9.0,13:00:00,Jon talks,Sfatto,8.0,01:00:00,2024-03-22 15:47:21.932000+01:00,2024-07-22 22:58:23.229000+00:00
216,217,c132bc8d-e68c-41b9-afd7-e66c5382473d,2023-12-22,Zzzz,8.0,13:00:00,Nanna presto,Essere meno nervosetto,9.0,01:00:00,2024-03-22 15:47:21.955000+01:00,2024-07-22 22:58:23.258000+00:00
217,218,23203f98-df0b-4a09-90c6-e78a3a92c434,2023-12-23,pipi,10.0,08:30:00,Expo go,Ho fumato tanto,8.0,00:00:00,2024-03-22 15:47:21.977000+01:00,2024-07-22 22:58:23.285000+00:00
354,354,bb32bbda-54d4-4509-8344-9d9de9560712,2023-12-24,Lesgo to Biella,9.0,07:30:00,Buon viso a cattivo gioco,Voglio vivere da solo e farmi i cazzi miei con ordine,6.0,01:00:00,2024-03-22 15:47:25.281000+01:00,2024-07-22 22:58:27.192000+00:00
355,355,8126603d-da75-494e-b45e-97361cb620b4,2023-12-25,Jesus che palle,7.0,08:30:00,Tornat a casa anzich√© continuare la serata,Dovrei averci due mesi di festa per cercare casa,7.0,04:00:00,2024-03-22 15:47:25.313000+01:00,2024-07-22 22:58:27.214000+00:00
218,219,385a21fb-9fca-4841-9930-b9ab2068e5f7,2023-12-26,Voglio cambiare casa,8.0,11:30:00,Fratello & Frens,Non bere come unos tronzo,8.0,03:30:00,2024-03-22 15:47:21.999000+01:00,2024-07-22 22:58:23.312000+00:00
219,220,8a61e726-871c-4fc6-9ae1-6015529311d5,2023-12-27,Workin on ma shit,5.0,11:30:00,Super progress on App,Vivere da solo,9.0,03:40:00,2024-03-22 15:47:22.020000+01:00,2024-07-22 22:58:23.340000+00:00
356,356,c864f56f-5c2e-46a6-a521-bd97f9ad596c,2023-12-28,Arrivata la spesa,8.0,10:50:00,Cena con fratello,Tutto bene,9.0,00:00:00,2024-03-22 15:47:25.340000+01:00,2024-07-22 22:58:27.237000+00:00
220,221,a4ef1bcf-b035-4ead-863d-657222b234c2,2023-12-29,Mi scopano,10.0,10:40:00,Cena with frens,nothing,10.0,01:00:00,2024-03-22 15:47:22.043000+01:00,2024-07-22 22:58:23.372000+00:00
425,426,49ca8d89-3016-4586-bc6b-927f1d725216,2023-12-30,:),10.0,11:30:00,Prima build di LoS,Null,10.0,01:00:00,2024-03-22 15:47:22.064000+01:00,2024-07-22 22:58:28.830000+00:00
357,357,083594b5-7b1d-4c34-affe-c611f534ba5b,2023-12-31,Elena arrabbiata,10.0,13:00:00,Capodanno a Milano,Non Vomitare?,8.0,03:40:00,2024-03-22 15:47:25.368000+01:00,2024-07-22 22:58:27.259000+00:00
